DATA,VENDAS,FECHADO,ABERTO,FDS,DS,DATA_FESTIVA,VESPERA_DATA_FESTIVA,POS_DATA_FESTIVA,DATA_NAO_FESTIVA,FERIADO,NAO_FERIADO,SEMANA_PAGAMENTO,SEMANA_DE_NAO_PAGAMENTO,BAIXA_TEMPORADA,ALTA_TEMPORADA,QTD_CONCORRENTES,PRECIPITACAO,TEMPERATURA,UMIDADE
2018-02-14,132,0,1,0,1,0,0,1,0,0,1,0,1,1,0,7,5,30,70
2018-02-15,149,0,1,0,1,0,0,1,0,0,1,0,1,1,0,7,5,30,65
2018-02-16,130,0,1,0,1,0,0,0,1,0,1,0,1,1,0,7,5,35,65
2018-02-17,174,0,1,1,0,0,0,0,1,0,1,0,1,1,0,7,5,35,70
2018-02-18,185,0,1,1,0,0,0,0,1,0,1,0,1,1,0,7,5,35,60
2018-02-19,121,0,1,0,1,0,0,0,1,0,1,0,1,1,0,7,5,30,75
2018-02-20,110,0,1,0,1,0,0,0,1,0,1,0,1,1,0,7,5,30,95
2018-02-21,105,0,1,0,1,0,0,0,1,0,1,0,1,1,0,7,30,30,85
2018-02-22,129,0,1,0,1,0,0,0,1,0,1,0,1,1,0,7,15,30,75
2018-02-23,143,0,1,0,1,0,0,0,1,0,1,0,1,1,0,7,5,30,75
2018-02-24,201,0,1,1,0,0,0,0,1,0,1,0,1,1,0,7,5,30,80
2018-02-25,224,0,1,1,0,0,0,0,1,0,1,0,1,1,0,8,5,30,75
2018-02-26,154,0,1,0,1,0,0,0,1,0,1,0,1,1,0,8,5,30,75
2018-02-27,161,0,1,0,1,0,0,0,1,0,1,0,1,1,0,8,5,30,85
2018-02-28,116,0,1,0,1,0,0,0,1,0,1,1,0,1,0,8,30,30,85
2018-03-01,116,0,1,0,1,0,0,0,1,0,1,0,1,0,1,8,5,35,85
2018-03-02,109,0,1,0,1,0,0,0,1,0,1,0,1,0,1,8,5,30,80
2018-03-03,124,0,1,1,0,0,0,0,1,0,1,0,1,0,1,8,5,30,75
2018-03-04,139,0,1,1,0,0,0,0,1,0,1,0,1,0,1,8,5,35,80
2018-03-05,107,0,1,0,1,0,0,0,1,0,1,1,0,0,1,8,10,35,80
2018-03-06,116,0,1,0,1,0,0,0,1,0,1,1,0,0,1,8,5,30,85
2018-03-07,139,0,1,0,1,0,0,0,1,0,1,1,0,0,1,8,5,30,65
2018-03-08,150,0,1,0,1,0,0,0,1,0,1,1,0,0,1,8,5,30,70
2018-03-09,168,0,1,0,1,0,0,0,1,0,1,1,0,0,1,8,5,30,80
2018-03-10,131,0,1,1,0,0,0,0,1,0,1,1,0,0,1,8,5,35,75
2018-03-11,146,0,1,1,0,0,0,0,1,0,1,0,1,0,1,8,5,35,65
2018-03-12,139,0,1,0,1,0,0,0,1,0,1,0,1,0,1,8,10,25,65
2018-03-13,155,0,1,0,1,0,0,0,1,0,1,0,1,0,1,8,5,30,60
2018-03-14,186,0,1,0,1,0,0,0,1,0,1,0,1,0,1,8,5,35,65
2018-03-15,120,0,1,0,1,0,0,0,1,0,1,0,1,0,1,8,35,30,80
2018-03-16,133,0,1,0,1,0,0,0,1,0,1,0,1,0,1,8,5,30,70
2018-03-17,179,0,1,1,0,0,0,0,1,0,1,0,1,0,1,8,5,35,75
2018-03-18,165,0,1,1,0,0,0,0,1,0,1,0,1,0,1,8,5,40,65
2018-03-19,149,0,1,0,1,0,0,0,1,0,1,0,1,0,1,8,10,30,75
2018-03-20,155,0,1,0,1,0,0,0,1,0,1,0,1,0,1,8,5,25,85
2018-03-21,160,0,1,0,1,0,0,0,1,0,1,0,1,0,1,8,5,25,80
2018-03-22,178,0,1,0,1,0,0,0,1,0,1,0,1,0,1,8,5,30,65
2018-03-23,149,0,1,0,1,0,0,0,1,0,1,0,1,0,1,8,5,35,70
2018-03-24,188,0,1,1,0,0,0,0,1,0,1,0,1,0,1,8,5,30,95
2018-03-25,174,0,1,1,0,0,0,0,1,0,1,0,1,0,1,8,30,25,80
2018-03-26,166,0,1,0,1,0,0,0,1,0,1,0,1,0,1,8,5,25,90
2018-03-27,130,0,1,0,1,0,0,0,1,0,1,0,1,0,1,8,5,25,90
2018-03-28,139,0,1,0,1,0,0,0,1,0,1,1,0,0,1,8,5,30,90
2018-03-29,120,0,1,0,1,0,0,0,1,0,1,1,0,0,1,8,5,30,90
2018-03-30,0,1,0,0,1,0,0,0,1,1,0,1,0,0,1,8,5,30,85
2018-03-31,108,0,1,1,0,0,0,0,1,0,1,1,0,0,1,8,5,25,95
2018-04-01,129,0,1,1,0,0,0,0,1,0,1,0,1,0,1,8,20,30,95
2018-04-02,139,0,1,0,1,0,0,0,1,0,1,0,1,0,1,8,10,25,95
2018-04-03,145,0,1,0,1,0,0,0,1,0,1,0,1,0,1,8,25,30,85
2018-04-04,159,0,1,0,1,0,0,0,1,0,1,0,1,0,1,8,5,30,90
2018-04-05,166,0,1,0,1,0,0,0,1,0,1,1,0,0,1,8,5,30,80
2018-04-06,175,0,1,0,1,0,0,0,1,0,1,1,0,0,1,8,5,30,85
2018-04-07,153,0,1,1,0,0,0,0,1,0,1,1,0,0,1,8,5,30,75
2018-04-08,111,0,1,1,0,0,0,0,1,0,1,1,0,0,1,8,5,30,80
2018-04-09,139,0,1,0,1,0,0,0,1,0,1,1,0,0,1,8,5,35,80
2018-04-10,140,0,1,0,1,0,0,0,1,0,1,1,0,0,1,8,5,35,75
2018-04-11,125,0,1,0,1,0,0,0,1,0,1,0,1,0,1,8,5,35,65
2018-04-12,138,0,1,0,1,0,0,0,1,0,1,0,1,0,1,8,5,35,65
2018-04-13,144,0,1,0,1,0,0,0,1,0,1,0,1,0,1,8,5,30,85
2018-04-14,121,0,1,1,0,0,0,0,1,0,1,0,1,0,1,8,5,25,80
2018-04-15,106,0,1,1,0,0,0,0,1,0,1,0,1,0,1,8,5,30,75
2018-04-16,134,0,1,0,1,0,0,0,1,0,1,0,1,0,1,8,5,30,70
2018-04-17,161,0,1,0,1,0,0,0,1,0,1,0,1,0,1,8,5,30,70
2018-04-18,130,0,1,0,1,0,0,0,1,0,1,0,1,0,1,8,5,30,65
2018-04-19,145,0,1,0,1,0,0,0,1,0,1,0,1,0,1,8,5,35,70
2018-04-20,158,0,1,0,1,0,0,0,1,0,1,0,1,0,1,8,5,35,65
2018-04-21,86,0,1,1,0,0,0,0,1,1,0,0,1,0,1,8,20,30,95
2018-04-22,99,0,1,1,0,0,0,0,1,0,1,0,1,0,1,8,10,30,80
2018-04-23,116,0,1,0,1,0,0,0,1,0,1,0,1,0,1,8,5,35,75
2018-04-24,140,0,1,0,1,0,0,0,1,0,1,0,1,0,1,8,5,30,85
2018-04-25,131,0,1,0,1,0,0,0,1,0,1,0,1,0,1,8,5,30,80
2018-04-26,147,0,1,0,1,0,0,0,1,0,1,0,1,0,1,8,5,30,90
2018-04-27,128,0,1,0,1,0,0,0,1,0,1,0,1,0,1,8,5,30,80
2018-04-28,99,0,1,1,0,0,0,0,1,0,1,1,0,0,1,8,5,35,75
2018-04-29,105,0,1,1,0,0,0,0,1,0,1,1,0,0,1,8,5,35,75
2018-04-30,98,0,1,0,1,0,0,0,1,1,0,1,0,0,1,8,25,30,85
2018-05-01,79,0,1,0,1,0,0,0,1,1,0,0,1,0,1,8,5,25,95
2018-05-02,121,0,1,0,1,0,0,0,1,0,1,0,1,0,1,8,5,25,85
2018-05-03,110,0,1,0,1,0,0,0,1,0,1,0,1,0,1,8,5,25,85
2018-05-04,140,0,1,0,1,0,0,0,1,0,1,0,1,0,1,8,5,30,85
2018-05-05,166,0,1,1,0,0,0,0,1,0,1,1,0,0,1,8,5,30,90
2018-05-06,159,0,1,1,0,0,0,0,1,0,1,1,0,0,1,8,5,25,85
2018-05-07,149,0,1,0,1,0,0,0,1,0,1,1,0,0,1,8,5,25,80
2018-05-08,160,0,1,0,1,0,0,0,1,0,1,1,0,0,1,8,5,30,80
2018-05-09,189,0,1,0,1,0,1,0,0,0,1,1,0,0,1,8,5,30,75
2018-05-10,206,0,1,0,1,0,1,0,0,0,1,1,0,0,1,8,5,30,75
2018-05-11,230,0,1,0,1,0,1,0,0,0,1,0,1,0,1,8,5,25,90
2018-05-12,206,0,1,1,0,0,1,0,0,0,1,0,1,0,1,8,10,25,75
2018-05-13,225,0,1,1,0,1,0,0,0,0,1,0,1,0,1,8,5,25,75
2018-05-14,140,0,1,0,1,0,0,1,0,0,1,0,1,0,1,8,5,30,80
2018-05-15,127,0,1,0,1,0,0,1,0,0,1,0,1,0,1,8,5,25,85
2018-05-16,109,0,1,0,1,0,0,0,1,0,1,0,1,0,1,8,5,25,65
2018-05-17,116,0,1,0,1,0,0,0,1,0,1,0,1,0,1,8,5,25,75
2018-05-18,129,0,1,0,1,0,0,0,1,0,1,0,1,0,1,8,30,20,95
2018-05-19,144,0,1,1,0,0,0,0,1,0,1,0,1,0,1,8,10,20,95
2018-05-20,136,0,1,1,0,0,0,0,1,0,1,0,1,0,1,8,35,15,85
2018-05-21,110,0,1,0,1,0,0,0,1,0,1,0,1,0,1,8,5,20,85
2018-05-22,139,0,1,0,1,0,0,0,1,0,1,0,1,0,1,8,5,20,80
2018-05-23,155,0,1,0,1,0,0,0,1,0,1,0,1,0,1,8,5,20,80
2018-05-24,126,0,1,0,1,0,0,0,1,0,1,0,1,0,1,8,5,20,80
2018-05-25,181,0,1,0,1,0,0,0,1,0,1,0,1,0,1,8,5,25,80
2018-05-26,141,0,1,1,0,0,0,0,1,0,1,0,1,0,1,9,5,30,85
2018-05-27,127,0,1,1,0,0,0,0,1,0,1,0,1,0,1,9,5,30,80
2018-05-28,137,0,1,0,1,0,0,0,1,0,1,1,0,0,1,9,5,30,80
2018-05-29,108,0,1,0,1,0,0,0,1,0,1,1,0,0,1,9,5,30,65
2018-05-30,124,0,1,0,1,0,0,0,1,0,1,1,0,0,1,9,5,30,70
2018-05-31,89,0,1,0,1,0,0,0,1,1,0,1,0,0,1,9,5,25,85
2018-06-01,106,0,1,0,1,0,0,0,1,1,0,0,1,0,1,9,5,25,95
2018-06-02,139,0,1,1,0,0,0,0,1,0,1,0,1,0,1,9,20,20,80
2018-06-03,163,0,1,1,0,0,0,0,1,0,1,0,1,0,1,9,5,15,90
2018-06-04,149,0,1,0,1,0,0,0,1,0,1,0,1,0,1,9,5,20,80
2018-06-05,161,0,1,0,1,0,0,0,1,0,1,1,0,0,1,9,5,20,85
2018-06-06,139,0,1,0,1,0,0,0,1,0,1,1,0,0,1,9,10,20,80
2018-06-07,150,0,1,0,1,0,0,0,1,0,1,1,0,0,1,9,5,20,70
2018-06-08,144,0,1,0,1,0,0,0,1,0,1,1,0,0,1,9,5,20,80
2018-06-09,166,0,1,1,0,0,0,0,1,0,1,1,0,0,1,9,5,25,70
2018-06-10,186,0,1,1,0,0,0,0,1,0,1,1,0,0,1,9,10,25,90
2018-06-11,155,0,1,0,1,0,0,0,1,0,1,0,1,0,1,9,10,30,80
2018-06-12,139,0,1,0,1,0,0,0,1,0,1,0,1,0,1,9,40,25,95
2018-06-13,167,0,1,0,1,0,0,0,1,0,1,0,1,0,1,9,10,20,65
2018-06-14,175,0,1,0,1,0,0,0,1,0,1,0,1,0,1,9,5,15,75
2018-06-15,147,0,1,0,1,0,0,0,1,0,1,0,1,0,1,9,5,15,80
2018-06-16,129,0,1,1,0,0,0,0,1,0,1,0,1,0,1,9,5,15,80
2018-06-17,177,0,1,1,0,0,0,0,1,0,1,0,1,0,1,9,5,15,80
2018-06-18,149,0,1,0,1,0,0,0,1,0,1,0,1,0,1,9,5,20,90
2018-06-19,138,0,1,0,1,0,0,0,1,0,1,0,1,0,1,9,5,25,90
2018-06-20,140,0,1,0,1,0,0,0,1,0,1,0,1,0,1,9,5,25,85
2018-06-21,138,0,1,0,1,0,0,0,1,0,1,0,1,0,1,9,5,30,85
2018-06-22,155,0,1,0,1,0,0,0,1,0,1,0,1,0,1,9,5,20,75
2018-06-23,149,0,1,1,0,0,0,0,1,0,1,0,1,0,1,9,5,30,85
2018-06-24,179,0,1,1,0,0,0,0,1,0,1,0,1,0,1,9,25,15,85
2018-06-25,148,0,1,0,1,0,0,0,1,0,1,0,1,0,1,9,15,15,95
2018-06-26,129,0,1,0,1,0,0,0,1,0,1,0,1,0,1,9,10,20,90
2018-06-27,116,0,1,0,1,0,0,0,1,0,1,0,1,0,1,9,5,20,95
2018-06-28,146,0,1,0,1,0,0,0,1,0,1,1,0,0,1,9,5,20,100
2018-06-29,139,0,1,0,1,0,0,0,1,0,1,1,0,0,1,9,10,20,100
2018-06-30,177,0,1,1,0,0,0,0,1,0,1,1,0,0,1,9,10,20,95
2018-07-01,195,0,1,1,0,0,0,0,1,0,1,0,1,0,1,9,5,25,85
2018-07-02,149,0,1,0,1,0,0,0,1,0,1,0,1,0,1,9,5,20,95
2018-07-03,131,0,1,0,1,0,0,0,1,0,1,0,1,0,1,9,25,15,80
2018-07-04,157,0,1,0,1,0,0,0,1,0,1,0,1,0,1,9,5,15,90
2018-07-05,170,0,1,0,1,0,0,0,1,0,1,1,0,0,1,9,10,15,100
2018-07-06,145,0,1,0,1,0,0,0,1,0,1,1,0,0,1,9,5,20,95
2018-07-07,163,0,1,1,0,0,0,0,1,0,1,1,0,0,1,9,5,25,90
2018-07-08,188,0,1,1,0,0,0,0,1,0,1,1,0,0,1,9,5,20,80
2018-07-09,161,0,1,0,1,0,0,0,1,0,1,1,0,0,1,9,15,15,100
2018-07-10,149,0,1,0,1,0,0,0,1,0,1,1,0,0,1,9,20,20,90
2018-07-11,130,0,1,0,1,0,0,0,1,0,1,0,1,0,1,9,5,20,90
2018-07-12,114,0,1,0,1,0,0,0,1,0,1,0,1,0,1,9,5,20,85
2018-07-13,129,0,1,0,1,0,0,0,1,0,1,0,1,0,1,9,5,20,85
2018-07-14,138,0,1,1,0,0,0,0,1,0,1,0,1,0,1,9,5,30,80
2018-07-15,164,0,1,1,0,0,0,0,1,0,1,0,1,0,1,9,5,30,75
2018-07-16,139,0,1,0,1,0,0,0,1,0,1,0,1,0,1,9,5,25,95
2018-07-17,110,0,1,0,1,0,0,0,1,0,1,0,1,0,1,9,20,20,100
2018-07-18,101,0,1,0,1,0,0,0,1,0,1,0,1,0,1,9,50,30,85
2018-07-19,133,0,1,0,1,0,0,0,1,0,1,0,1,0,1,9,5,30,70
2018-07-20,109,0,1,0,1,0,0,0,1,0,1,0,1,0,1,9,5,30,85
2018-07-21,139,0,1,1,0,0,0,0,1,0,1,0,1,0,1,9,15,15,60
2018-07-22,155,0,1,1,0,0,0,0,1,0,1,0,1,0,1,9,5,20,80
2018-07-23,129,0,1,0,1,0,0,0,1,0,1,0,1,0,1,9,5,20,85
2018-07-24,115,0,1,0,1,0,0,0,1,0,1,0,1,0,1,9,10,15,95
2018-07-25,133,0,1,0,1,0,0,0,1,0,1,0,1,0,1,9,20,20,95
2018-07-26,90,0,1,0,1,0,0,0,1,0,1,0,1,0,1,9,15,20,95
2018-07-27,81,0,1,0,1,0,0,0,1,0,1,0,1,0,1,9,5,20,85
2018-07-28,104,0,1,1,0,0,0,0,1,0,1,1,0,0,1,9,5,20,95
2018-07-29,155,0,1,1,0,0,0,0,1,0,1,1,0,0,1,9,5,20,70
2018-07-30,133,0,1,0,1,0,0,0,1,0,1,1,0,0,1,9,5,20,80
2018-07-31,125,0,1,0,1,0,0,0,1,0,1,1,0,0,1,9,5,20,80
2018-08-01,149,0,1,0,1,0,0,0,1,0,1,0,1,0,1,9,5,20,75
2018-08-02,120,0,1,0,1,0,0,0,1,0,1,0,1,0,1,9,5,25,80
2018-08-03,151,0,1,0,1,0,0,0,1,0,1,0,1,0,1,9,5,25,85
2018-08-04,123,0,1,1,0,0,0,0,1,0,1,0,1,0,1,9,5,25,75
2018-08-05,177,0,1,1,0,0,0,0,1,0,1,1,0,0,1,9,5,20,80
2018-08-06,144,0,1,0,1,0,0,0,1,0,1,1,0,0,1,9,5,20,80
2018-08-07,99,0,1,0,1,0,0,0,1,0,1,1,0,0,1,9,5,25,70
2018-08-08,164,0,1,0,1,0,1,0,0,0,1,1,0,0,1,9,5,20,95
2018-08-09,154,0,1,0,1,0,1,0,0,0,1,1,0,0,1,9,10,15,90
2018-08-10,186,0,1,0,1,0,1,0,0,0,1,1,0,0,1,9,5,15,80
2018-08-11,170,0,1,1,0,0,1,0,0,0,1,0,1,0,1,9,5,15,95
2018-08-12,153,0,1,1,0,1,0,0,0,0,1,0,1,0,1,9,5,20,90
2018-08-13,139,0,1,0,1,0,0,1,0,0,1,0,1,0,1,9,5,25,85
2018-08-14,106,0,1,0,1,0,0,1,0,0,1,0,1,0,1,9,5,25,80
2018-08-15,131,0,1,0,1,0,0,0,1,0,1,0,1,0,1,9,5,20,80
2018-08-16,121,0,1,0,1,0,0,0,1,0,1,0,1,0,1,9,5,20,80
2018-08-17,149,0,1,0,1,0,0,0,1,0,1,0,1,0,1,9,5,25,75
2018-08-18,155,0,1,1,0,0,0,0,1,0,1,0,1,0,1,9,5,30,70
2018-08-19,188,0,1,1,0,0,0,0,1,0,1,0,1,0,1,9,5,30,80
2018-08-20,141,0,1,0,1,0,0,0,1,0,1,0,1,0,1,10,15,15,95
2018-08-21,109,0,1,0,1,0,0,0,1,0,1,0,1,0,1,10,20,15,85
2018-08-22,121,0,1,0,1,0,0,0,1,0,1,0,1,0,1,10,10,15,95
2018-08-23,144,0,1,0,1,0,0,0,1,0,1,0,1,0,1,10,5,25,75
2018-08-24,130,0,1,0,1,0,0,0,1,0,1,0,1,0,1,10,10,25,95
2018-08-25,112,0,1,1,0,0,0,0,1,0,1,0,1,0,1,10,20,20,65
2018-08-26,134,0,1,1,0,0,0,0,1,0,1,0,1,0,1,10,5,15,60
2018-08-27,163,0,1,0,1,0,0,0,1,0,1,0,1,0,1,10,5,25,70
2018-08-28,132,0,1,0,1,0,0,0,1,0,1,1,0,0,1,10,5,25,75
2018-08-29,119,0,1,0,1,0,0,0,1,0,1,1,0,0,1,10,5,30,65
2018-08-30,124,0,1,0,1,0,0,0,1,0,1,1,0,0,1,10,5,25,90
2018-08-31,91,0,1,0,1,0,0,0,1,0,1,1,0,0,1,10,45,20,100
2018-09-01,104,0,1,1,0,0,0,0,1,0,1,0,1,0,1,10,25,20,100
2018-09-02,111,0,1,1,0,0,0,0,1,0,1,0,1,0,1,10,50,20,95
2018-09-03,103,0,1,0,1,0,0,0,1,0,1,0,1,0,1,10,10,20,95
2018-09-04,134,0,1,0,1,0,0,0,1,0,1,0,1,0,1,10,5,20,85
2018-09-05,119,0,1,0,1,0,0,0,1,0,1,1,0,0,1,10,5,25,75
2018-09-06,106,0,1,0,1,0,0,0,1,0,1,1,0,0,1,10,5,30,65
2018-09-07,129,0,1,0,1,0,0,0,1,1,0,1,0,0,1,10,5,30,60
2018-09-08,113,0,1,1,0,0,0,0,1,0,1,1,0,0,1,10,5,25,75
2018-09-09,155,0,1,1,0,0,0,0,1,0,1,1,0,0,1,10,5,25,80
2018-09-10,136,0,1,0,1,0,0,0,1,0,1,1,0,0,1,10,5,25,75
2018-09-11,104,0,1,0,1,0,0,0,1,0,1,0,1,0,1,10,5,25,80
2018-09-12,129,0,1,0,1,0,0,0,1,0,1,0,1,0,1,10,5,25,75
2018-09-13,109,0,1,0,1,0,0,0,1,0,1,0,1,0,1,10,5,30,75
2018-09-14,128,0,1,0,1,0,0,0,1,0,1,0,1,0,1,10,10,20,95
2018-09-15,159,0,1,1,0,0,0,0,1,0,1,0,1,0,1,10,10,25,85
2018-09-16,177,0,1,1,0,0,0,0,1,0,1,0,1,0,1,10,5,25,75
2018-09-17,130,0,1,0,1,0,0,0,1,0,1,0,1,0,1,10,5,25,85
2018-09-18,152,0,1,0,1,0,0,0,1,0,1,0,1,0,1,10,5,25,80
2018-09-19,105,0,1,0,1,0,0,0,1,0,1,0,1,0,1,10,5,30,70
2018-09-20,129,0,1,0,1,0,0,0,1,0,1,0,1,0,1,10,5,25,75
2018-09-21,115,0,1,0,1,0,0,0,1,0,1,0,1,0,1,10,5,30,80
2018-09-22,148,0,1,1,0,0,0,0,1,0,1,0,1,0,1,10,5,35,65
2018-09-23,109,0,1,1,0,0,0,0,1,0,1,0,1,0,1,10,10,30,95
2018-09-24,130,0,1,0,1,0,0,0,1,0,1,0,1,0,1,10,55,25,95
2018-09-25,123,0,1,0,1,0,0,0,1,0,1,0,1,0,1,10,5,25,95
2018-09-26,109,0,1,0,1,0,0,0,1,0,1,0,1,0,1,10,10,30,80
2018-09-27,143,0,1,0,1,0,0,0,1,0,1,0,1,0,1,10,5,25,80
2018-09-28,129,0,1,0,1,0,0,0,1,0,1,1,0,0,1,10,5,30,85
2018-09-29,151,0,1,1,0,0,0,0,1,0,1,1,0,0,1,10,5,35,75
2018-09-30,166,0,1,1,0,0,0,0,1,0,1,1,0,0,1,10,5,25,85
2018-10-01,131,0,1,0,1,0,0,0,1,0,1,0,1,0,1,10,5,30,90
2018-10-02,155,0,1,0,1,0,0,0,1,0,1,0,1,0,1,10,35,20,95
2018-10-03,148,0,1,0,1,0,0,0,1,0,1,0,1,0,1,10,10,20,90
2018-10-04,104,0,1,0,1,0,0,0,1,0,1,0,1,0,1,10,5,25,65
2018-10-05,121,0,1,0,1,0,0,0,1,0,1,1,0,0,1,10,5,25,65
2018-10-06,132,0,1,1,0,0,0,0,1,0,1,1,0,0,1,10,5,25,65
2018-10-07,122,0,1,1,0,0,0,0,1,0,1,1,0,0,1,10,5,30,70
2018-10-08,109,0,1,0,1,0,0,0,1,0,1,1,0,0,1,10,5,35,75
2018-10-09,128,0,1,0,1,0,0,0,1,0,1,1,0,0,1,10,5,30,85
2018-10-10,100,0,1,0,1,0,0,0,1,0,1,1,0,0,1,10,5,25,75
2018-10-11,89,0,1,0,1,0,0,0,1,0,1,0,1,0,1,10,5,25,70
2018-10-12,69,0,1,0,1,0,0,0,1,1,0,0,1,0,1,10,5,30,80
2018-10-13,88,0,1,1,0,0,0,0,1,0,1,0,1,0,1,10,5,25,85
2018-10-14,73,0,1,1,0,0,0,0,1,0,1,0,1,0,1,10,5,25,80
2018-10-15,104,0,1,0,1,0,0,0,1,0,1,0,1,0,1,10,5,30,75
2018-10-16,111,0,1,0,1,0,0,0,1,0,1,0,1,0,1,10,5,30,70
2018-10-17,125,0,1,0,1,0,0,0,1,0,1,0,1,0,1,10,5,35,75
2018-10-18,101,0,1,0,1,0,0,0,1,0,1,0,1,0,1,10,5,30,85
2018-10-19,153,0,1,0,1,0,0,0,1,0,1,0,1,0,1,10,5,30,70
2018-10-20,131,0,1,1,0,0,0,0,1,0,1,0,1,0,1,10,5,25,65
2018-10-21,121,0,1,1,0,0,0,0,1,0,1,0,1,0,1,10,5,25,70
2018-10-22,141,0,1,0,1,0,0,0,1,0,1,0,1,0,1,10,5,30,65
2018-10-23,144,0,1,0,1,0,0,0,1,0,1,0,1,0,1,10,5,25,70
2018-10-24,163,0,1,0,1,0,0,0,1,0,1,0,1,0,1,10,5,25,70
2018-10-25,104,0,1,0,1,0,0,0,1,0,1,0,1,0,1,10,5,30,75
2018-10-26,130,0,1,0,1,0,0,0,1,0,1,0,1,0,1,10,5,30,85
2018-10-27,128,0,1,1,0,0,0,0,1,0,1,0,1,0,1,10,20,25,80
2018-10-28,116,0,1,1,0,0,0,0,1,0,1,1,0,0,1,10,5,25,70
2018-10-29,104,0,1,0,1,0,0,0,1,0,1,1,0,0,1,10,5,30,70
2018-10-30,129,0,1,0,1,0,0,0,1,0,1,1,0,0,1,10,5,35,65
2018-10-31,136,0,1,0,1,0,0,0,1,0,1,1,0,0,1,10,25,30,85
2018-11-01,88,0,1,0,1,0,0,0,1,0,1,0,1,0,1,10,5,25,80
2018-11-02,0,1,0,0,1,0,0,0,1,1,0,0,1,0,1,10,5,30,70
2018-11-03,90,0,1,1,0,0,0,0,1,0,1,0,1,0,1,10,20,25,90
2018-11-04,122,0,1,1,0,0,0,0,1,0,1,0,1,0,1,10,5,25,70
2018-11-05,108,0,1,0,1,0,0,0,1,0,1,1,0,0,1,10,5,30,70
2018-11-06,115,0,1,0,1,0,0,0,1,0,1,1,0,0,1,10,5,30,75
2018-11-07,129,0,1,0,1,0,0,0,1,0,1,1,0,0,1,10,5,25,80
2018-11-08,100,0,1,0,1,0,0,0,1,0,1,1,0,0,1,10,5,30,65
2018-11-09,109,0,1,0,1,0,0,0,1,0,1,1,0,0,1,10,5,35,65
2018-11-10,73,0,1,1,0,0,0,0,1,0,1,1,0,0,1,10,5,35,65
2018-11-11,153,0,1,1,0,0,0,0,1,0,1,0,1,0,1,10,5,35,60
2018-11-12,104,0,1,0,1,0,0,0,1,0,1,0,1,0,1,10,5,35,75
2018-11-13,106,0,1,0,1,0,0,0,1,0,1,0,1,0,1,10,5,35,60
2018-11-14,125,0,1,0,1,0,0,0,1,0,1,0,1,0,1,10,20,30,75
2018-11-15,123,0,1,0,1,0,0,0,1,1,0,0,1,0,1,10,5,30,60
2018-11-16,89,0,1,0,1,0,0,0,1,1,0,0,1,0,1,10,5,30,70
2018-11-17,106,0,1,1,0,0,0,0,1,0,1,0,1,0,1,10,5,30,70
2018-11-18,122,0,1,1,0,0,0,0,1,0,1,0,1,0,1,10,30,25,80
2018-11-19,89,0,1,0,1,0,0,0,1,0,1,0,1,0,1,10,5,30,60
2018-11-20,148,0,1,0,1,0,0,0,1,0,1,0,1,0,1,10,5,30,65
2018-11-21,131,0,1,0,1,0,0,0,1,0,1,0,1,0,1,10,5,35,65
2018-11-22,154,0,1,0,1,0,0,0,1,0,1,0,1,0,1,10,5,35,65
2018-11-23,148,0,1,0,1,0,0,0,1,0,1,0,1,0,1,10,5,35,70
2018-11-24,107,0,1,1,0,0,0,0,1,0,1,0,1,0,1,10,50,25,95
2018-11-25,139,0,1,1,0,0,0,0,1,0,1,0,1,0,1,10,10,30,65
2018-11-26,119,0,1,0,1,0,0,0,1,0,1,0,1,0,1,10,5,30,65
2018-11-27,148,0,1,0,1,0,0,0,1,0,1,0,1,0,1,10,5,30,75
2018-11-28,137,0,1,0,1,0,0,0,1,0,1,1,0,0,1,10,5,30,80
2018-11-29,151,0,1,0,1,0,0,0,1,0,1,1,0,0,1,10,5,35,75
2018-11-30,164,0,1,0,1,0,0,0,1,0,1,1,0,0,1,10,5,30,90
2018-12-01,128,0,1,1,0,0,0,0,1,0,1,0,1,0,1,10,5,30,90
2018-12-02,158,0,1,1,0,0,0,0,1,0,1,0,1,0,1,10,10,25,70
2018-12-03,139,0,1,0,1,0,0,0,1,0,1,0,1,0,1,10,5,25,55
2018-12-04,151,0,1,0,1,0,0,0,1,0,1,0,1,0,1,10,5,30,50
2018-12-05,166,0,1,0,1,0,0,0,1,0,1,1,0,0,1,10,5,30,65
2018-12-06,128,0,1,0,1,0,0,0,1,0,1,1,0,0,1,10,5,25,70
2018-12-07,155,0,1,0,1,0,0,0,1,0,1,1,0,0,1,10,5,25,60
2018-12-08,139,0,1,1,0,0,0,0,1,0,1,1,0,0,1,10,5,30,55
2018-12-09,167,0,1,1,0,0,0,0,1,0,1,1,0,0,1,10,5,35,60
2018-12-10,149,0,1,0,1,0,0,0,1,0,1,1,0,0,1,10,5,35,55
2018-12-11,153,0,1,0,1,0,0,0,1,0,1,0,1,0,1,10,5,40,50
2018-12-12,149,0,1,0,1,0,0,0,1,0,1,0,1,0,1,10,5,30,75
2018-12-13,186,0,1,0,1,0,0,0,1,0,1,0,1,0,1,10,5,35,80
2018-12-14,155,0,1,0,1,0,0,0,1,0,1,0,1,0,1,10,5,40,75
2018-12-15,161,0,1,1,0,0,0,0,1,0,1,0,1,0,1,10,10,30,85
2018-12-16,183,0,1,1,0,0,0,0,1,0,1,0,1,0,1,10,5,35,75
2018-12-17,152,0,1,0,1,0,0,0,1,0,1,0,1,0,1,10,5,40,75
2018-12-18,139,0,1,0,1,0,0,0,1,0,1,0,1,0,1,10,15,30,90
2018-12-19,168,0,1,0,1,0,0,0,1,0,1,0,1,0,1,10,5,30,85
2018-12-20,175,0,1,0,1,0,0,0,1,0,1,0,1,0,1,10,5,30,85
2018-12-21,164,0,1,0,1,0,1,0,0,0,1,0,1,0,1,10,15,30,80
2018-12-22,239,0,1,1,0,0,1,0,0,0,1,0,1,0,1,10,5,35,75
2018-12-23,261,0,1,1,0,0,1,0,0,0,1,0,1,0,1,10,5,30,70
2018-12-24,229,0,1,0,1,0,1,0,0,1,0,0,1,0,1,10,5,30,75
2018-12-25,0,1,0,0,1,1,1,0,0,1,0,0,1,0,1,10,5,30,70
2018-12-26,139,0,1,0,1,0,1,1,0,0,1,0,1,0,1,10,5,35,70
2018-12-27,108,0,1,0,1,0,1,1,0,0,1,0,1,0,1,10,5,35,70
2018-12-28,126,0,1,0,1,0,1,0,0,0,1,1,0,0,1,10,5,40,60
2018-12-29,0,1,0,1,0,1,1,0,0,1,0,1,0,0,1,10,5,35,70
2018-12-30,0,1,0,1,0,1,1,1,0,1,0,1,0,0,1,10,5,40,60
2018-12-31,0,1,0,0,1,1,1,1,0,1,0,1,0,0,1,10,5,35,80
2019-01-01,0,1,0,0,1,1,0,1,0,1,0,0,1,1,0,10,5,40,70
2019-01-02,87,0,1,0,1,0,0,1,0,0,1,0,1,1,0,10,5,40,60
2019-01-03,99,0,1,0,1,0,0,1,0,0,1,0,1,1,0,10,5,35,90
2019-01-04,81,0,1,0,1,0,0,0,1,0,1,0,1,1,0,10,15,30,85
2019-01-05,79,0,1,1,0,0,0,0,1,0,1,1,0,1,0,10,5,30,75
2019-01-06,89,0,1,1,0,0,0,0,1,0,1,1,0,1,0,10,5,35,70
2019-01-07,105,0,1,0,1,0,0,0,1,0,1,1,0,1,0,10,5,35,75
2019-01-08,87,0,1,0,1,0,0,0,1,0,1,1,0,1,0,10,5,35,70
2019-01-09,98,0,1,0,1,0,0,0,1,0,1,1,0,1,0,10,5,30,75
2019-01-10,101,0,1,0,1,0,0,0,1,0,1,1,0,1,0,10,5,30,75
2019-01-11,85,0,1,0,1,0,0,0,1,0,1,0,1,1,0,10,5,30,80
2019-01-12,69,0,1,1,0,0,0,0,1,0,1,0,1,1,0,10,5,30,85
2019-01-13,86,0,1,1,0,0,0,0,1,0,1,0,1,1,0,10,5,40,65
2019-01-14,94,0,1,0,1,0,0,0,1,0,1,0,1,1,0,10,5,35,80
2019-01-15,128,0,1,0,1,0,0,0,1,0,1,0,1,1,0,10,5,35,70
2019-01-16,113,0,1,0,1,0,0,0,1,0,1,0,1,1,0,10,35,35,80
2019-01-17,97,0,1,0,1,0,0,0,1,0,1,0,1,1,0,10,5,30,90
2019-01-18,100,0,1,0,1,0,0,0,1,0,1,0,1,1,0,10,15,30,90
2019-01-19,78,0,1,1,0,0,0,0,1,0,1,0,1,1,0,10,15,25,95
2019-01-20,104,0,1,1,0,0,0,0,1,0,1,0,1,1,0,10,10,30,80
2019-01-21,128,0,1,0,1,0,0,0,1,0,1,0,1,1,0,10,5,30,85
2019-01-22,119,0,1,0,1,0,0,0,1,0,1,0,1,1,0,10,5,35,75
2019-01-23,130,0,1,0,1,0,0,0,1,0,1,0,1,1,0,10,5,35,65
2019-01-24,125,0,1,0,1,0,0,0,1,0,1,0,1,1,0,10,5,35,85
2019-01-25,117,0,1,0,1,0,0,0,1,0,1,0,1,1,0,10,10,35,70
2019-01-26,105,0,1,1,0,0,0,0,1,0,1,0,1,1,0,10,5,40,70
2019-01-27,120,0,1,1,0,0,0,0,1,0,1,0,1,1,0,10,5,35,65
2019-01-28,106,0,1,0,1,0,0,0,1,0,1,1,0,1,0,10,5,40,60
2019-01-29,98,0,1,0,1,0,0,0,1,0,1,1,0,1,0,10,5,40,65
2019-01-30,86,0,1,0,1,0,0,0,1,0,1,1,0,1,0,10,5,40,55
2019-01-31,127,0,1,0,1,0,0,0,1,0,1,1,0,1,0,10,5,40,80
2019-02-01,106,0,1,0,1,0,0,0,1,0,1,0,1,1,0,10,20,40,80
2019-02-02,95,0,1,1,0,0,0,0,1,0,1,0,1,1,0,10,5,35,85
2019-02-03,108,0,1,1,0,0,0,0,1,0,1,0,1,1,0,10,25,30,75
2019-02-04,117,0,1,0,1,0,0,0,1,0,1,0,1,1,0,10,5,30,70
2019-02-05,126,0,1,0,1,0,0,0,1,0,1,1,0,1,0,10,5,30,65
2019-02-06,148,0,1,0,1,0,0,0,1,0,1,1,0,1,0,10,5,30,70
2019-02-07,131,0,1,0,1,0,0,0,1,0,1,1,0,1,0,10,5,35,65
2019-02-08,134,0,1,0,1,0,0,0,1,0,1,1,0,1,0,10,5,35,65
2019-02-09,159,0,1,1,0,0,0,0,1,0,1,1,0,1,0,10,5,40,55
2019-02-10,130,0,1,1,0,0,0,0,1,0,1,1,0,1,0,10,5,30,85
2019-02-11,139,0,1,0,1,0,0,0,1,0,1,0,1,1,0,10,5,35,80
2019-02-12,117,0,1,0,1,0,0,0,1,0,1,0,1,1,0,10,15,25,75
2019-02-13,142,0,1,0,1,0,0,0,1,0,1,0,1,1,0,10,5,30,70
2019-02-14,128,0,1,0,1,0,0,0,1,0,1,0,1,1,0,10,5,35,65
2019-02-15,99,0,1,0,1,0,0,0,1,0,1,0,1,1,0,10,5,25,85
2019-02-16,128,0,1,1,0,0,0,0,1,0,1,0,1,1,0,10,5,30,80
2019-02-17,105,0,1,1,0,0,0,0,1,0,1,0,1,1,0,10,5,30,70
2019-02-18,138,0,1,0,1,0,0,0,1,0,1,0,1,1,0,10,5,35,75
2019-02-19,118,0,1,0,1,0,0,0,1,0,1,0,1,1,0,10,5,35,70
2019-02-20,122,0,1,0,1,0,0,0,1,0,1,0,1,1,0,10,5,35,70
2019-02-21,131,0,1,0,1,0,0,0,1,0,1,0,1,1,0,10,5,35,70
2019-02-22,107,0,1,0,1,0,0,0,1,0,1,0,1,1,0,10,5,35,65
2019-02-23,150,0,1,1,0,0,0,0,1,0,1,0,1,1,0,10,5,40,60
2019-02-24,145,0,1,1,0,0,0,0,1,0,1,0,1,1,0,10,5,35,85
2019-02-25,149,0,1,0,1,0,0,0,1,0,1,0,1,1,0,10,35,25,95
2019-02-26,138,0,1,0,1,0,0,0,1,0,1,0,1,1,0,10,10,25,75
2019-02-27,163,0,1,0,1,0,1,0,0,0,1,0,1,1,0,10,5,25,70
2019-02-28,141,0,1,0,1,0,1,0,0,0,1,1,0,1,0,10,5,30,70
2019-03-01,130,0,1,0,1,0,1,0,0,0,1,0,1,0,1,10,5,35,70
2019-03-02,107,0,1,1,0,0,1,0,0,0,1,0,1,0,1,10,5,35,55
2019-03-03,0,1,0,1,0,1,1,0,0,0,1,0,1,0,1,10,5,30,75
2019-03-04,0,1,0,0,1,1,1,1,0,1,0,0,1,0,1,10,5,40,65
2019-03-05,0,1,0,0,1,1,0,1,0,1,0,1,0,0,1,10,5,35,80
2019-03-06,63,0,1,0,1,0,0,1,0,0,1,1,0,0,1,10,15,35,80
2019-03-07,85,0,1,0,1,0,0,1,0,0,1,1,0,0,1,10,5,35,70
2019-03-08,77,0,1,0,1,0,0,0,1,0,1,1,0,0,1,10,5,30,85
2019-03-09,62,0,1,1,0,0,0,0,1,0,1,1,0,0,1,10,45,25,90
2019-03-10,112,0,1,1,0,0,0,0,1,0,1,1,0,0,1,10,10,25,75
2019-03-11,134,0,1,0,1,0,0,0,1,0,1,0,1,0,1,10,5,30,75
2019-03-12,136,0,1,0,1,0,0,0,1,0,1,0,1,0,1,10,5,30,75
2019-03-13,143,0,1,0,1,0,0,0,1,0,1,0,1,0,1,10,5,30,80
2019-03-14,120,0,1,0,1,0,0,0,1,0,1,0,1,0,1,10,5,30,75
2019-03-15,139,0,1,0,1,0,0,0,1,0,1,0,1,0,1,10,5,30,80
2019-03-16,148,0,1,1,0,0,0,0,1,0,1,0,1,0,1,10,5,35,75
2019-03-17,127,0,1,1,0,0,0,0,1,0,1,0,1,0,1,10,5,30,90
2019-03-18,118,0,1,0,1,0,0,0,1,0,1,0,1,0,1,10,10,30,90
2019-03-19,127,0,1,0,1,0,0,0,1,0,1,0,1,0,1,10,5,30,75
2019-03-20,133,0,1,0,1,0,0,0,1,0,1,0,1,0,1,10,5,25,80
2019-03-21,126,0,1,0,1,0,0,0,1,0,1,0,1,0,1,10,5,25,70
2019-03-22,113,0,1,0,1,0,0,0,1,0,1,0,1,0,1,10,5,30,75
2019-03-23,136,0,1,1,0,0,0,0,1,0,1,0,1,0,1,10,5,30,75
2019-03-24,153,0,1,1,0,0,0,0,1,0,1,0,1,0,1,10,5,30,65
2019-03-25,127,0,1,0,1,0,0,0,1,0,1,0,1,0,1,10,5,25,65
2019-03-26,129,0,1,0,1,0,0,0,1,0,1,0,1,0,1,10,5,30,80
2019-03-27,118,0,1,0,1,0,0,0,1,0,1,0,1,0,1,10,5,25,85
2019-03-28,120,0,1,0,1,0,0,0,1,0,1,1,0,0,1,10,5,30,75
2019-03-29,114,0,1,0,1,0,0,0,1,0,1,1,0,0,1,10,5,30,75
2019-03-30,137,0,1,1,0,0,0,0,1,0,1,1,0,0,1,10,5,35,70
2019-03-31,122,0,1,1,0,0,0,0,1,0,1,1,0,0,1,10,5,30,80
2019-04-01,131,0,1,0,1,0,0,0,1,0,1,0,1,0,1,10,5,35,80
2019-04-02,127,0,1,0,1,0,0,0,1,0,1,0,1,0,1,10,5,35,70
2019-04-03,138,0,1,0,1,0,0,0,1,0,1,0,1,0,1,10,5,35,75
2019-04-04,120,0,1,0,1,0,0,0,1,0,1,0,1,0,1,10,5,35,80
2019-04-05,108,0,1,0,1,0,0,0,1,0,1,1,0,0,1,10,55,30,90
2019-04-06,128,0,1,1,0,0,0,0,1,0,1,1,0,0,1,10,5,25,95
2019-04-07,100,0,1,1,0,0,0,0,1,0,1,1,0,0,1,10,10,25,85
2019-04-08,110,0,1,0,1,0,0,0,1,0,1,1,0,0,1,10,5,30,75
2019-04-09,127,0,1,0,1,0,0,0,1,0,1,1,0,0,1,10,5,30,75
2019-04-10,118,0,1,0,1,0,0,0,1,0,1,1,0,0,1,10,5,30,70
2019-04-11,107,0,1,0,1,0,0,0,1,0,1,0,1,0,1,10,5,35,80
2019-04-12,121,0,1,0,1,0,0,0,1,0,1,0,1,0,1,10,25,25,85
2019-04-13,138,0,1,1,0,0,0,0,1,0,1,0,1,0,1,10,5,30,85
2019-04-14,105,0,1,1,0,0,0,0,1,0,1,0,1,0,1,10,5,35,70
2019-04-15,128,0,1,0,1,0,0,0,1,0,1,0,1,0,1,10,5,30,90
2019-04-16,121,0,1,0,1,0,0,0,1,0,1,0,1,0,1,10,55,25,95
2019-04-17,134,0,1,0,1,0,0,0,1,0,1,0,1,0,1,10,15,25,85
2019-04-18,116,0,1,0,1,0,0,0,1,0,1,0,1,0,1,10,5,30,85
2019-04-19,0,1,0,0,1,0,0,0,1,1,0,0,1,0,1,10,5,30,80
2019-04-20,129,0,1,1,0,0,0,0,1,0,1,0,1,0,1,10,5,30,85
2019-04-21,143,0,1,1,0,0,0,0,1,1,0,0,1,0,1,10,5,25,85
2019-04-22,128,0,1,0,1,0,0,0,1,0,1,0,1,0,1,10,5,25,80
2019-04-23,118,0,1,0,1,0,0,0,1,0,1,0,1,0,1,10,5,25,80
2019-04-24,137,0,1,0,1,0,0,0,1,0,1,0,1,0,1,10,5,30,85
2019-04-25,130,0,1,0,1,0,0,0,1,0,1,0,1,0,1,10,5,25,95
2019-04-26,127,0,1,0,1,0,0,0,1,0,1,0,1,0,1,10,15,30,95
2019-04-27,130,0,1,1,0,0,0,0,1,0,1,0,1,0,1,10,75,25,95
2019-04-28,148,0,1,1,0,0,0,0,1,0,1,1,0,0,1,10,5,25,85
2019-04-29,127,0,1,0,1,0,0,0,1,0,1,1,0,0,1,10,5,25,85
2019-04-30,117,0,1,0,1,0,0,0,1,0,1,1,0,0,1,10,5,25,85
2019-05-01,90,0,1,0,1,0,0,0,1,1,0,0,1,0,1,10,5,30,75
2019-05-02,113,0,1,0,1,0,0,0,1,0,1,0,1,0,1,10,5,30,80
2019-05-03,120,0,1,0,1,0,0,0,1,0,1,0,1,0,1,10,5,30,90
2019-05-04,101,0,1,1,0,0,0,0,1,0,1,0,1,0,1,10,45,30,90
2019-05-05,132,0,1,1,0,0,0,0,1,0,1,1,0,0,1,10,5,30,90
2019-05-06,128,0,1,0,1,0,0,0,1,0,1,1,0,0,1,10,15,25,90
2019-05-07,154,0,1,0,1,0,0,0,1,0,1,1,0,0,1,10,5,25,80
2019-05-08,179,0,1,0,1,0,1,0,0,0,1,1,0,0,1,10,5,25,85
2019-05-09,189,0,1,0,1,0,1,0,0,0,1,1,0,0,1,10,5,30,85
2019-05-10,204,0,1,0,1,0,1,0,0,0,1,1,0,0,1,10,10,25,95
2019-05-11,160,0,1,1,0,0,1,0,0,0,1,0,1,0,1,10,20,25,90
2019-05-12,174,0,1,1,0,1,0,0,0,0,1,0,1,0,1,10,5,25,85
2019-05-13,113,0,1,0,1,0,0,1,0,0,1,0,1,0,1,10,5,25,90
2019-05-14,100,0,1,0,1,0,0,1,0,0,1,0,1,0,1,10,5,20,95
2019-05-15,125,0,1,0,1,0,0,0,1,0,1,0,1,0,1,10,5,25,95
2019-05-16,116,0,1,0,1,0,0,0,1,0,1,0,1,0,1,10,5,25,80
2019-05-17,110,0,1,0,1,0,0,0,1,0,1,0,1,0,1,10,5,25,75
2019-05-18,103,0,1,1,0,0,0,0,1,0,1,0,1,0,1,10,5,30,85
2019-05-19,120,0,1,1,0,0,0,0,1,0,1,0,1,0,1,10,5,30,80
2019-05-20,111,0,1,0,1,0,0,0,1,0,1,0,1,0,1,10,5,30,90
2019-05-21,128,0,1,0,1,0,0,0,1,0,1,0,1,0,1,10,10,25,90
2019-05-22,106,0,1,0,1,0,0,0,1,0,1,0,1,0,1,10,5,25,95
2019-05-23,139,0,1,0,1,0,0,0,1,0,1,0,1,0,1,10,10,20,90
2019-05-24,114,0,1,0,1,0,0,0,1,0,1,0,1,0,1,10,35,20,90
2019-05-25,128,0,1,1,0,0,0,0,1,0,1,0,1,0,1,10,10,25,85
2019-05-26,139,0,1,1,0,0,0,0,1,0,1,0,1,0,1,10,5,25,80
2019-05-27,154,0,1,0,1,0,0,0,1,0,1,0,1,0,1,10,5,25,95
2019-05-28,123,0,1,0,1,0,0,0,1,0,1,1,0,0,1,10,70,20,95
2019-05-29,119,0,1,0,1,0,0,0,1,0,1,1,0,0,1,10,5,25,85
2019-05-30,101,0,1,0,1,0,0,0,1,0,1,1,0,0,1,10,5,20,95
2019-05-31,128,0,1,0,1,0,0,0,1,0,1,1,0,0,1,10,25,20,95
2019-06-01,138,0,1,1,0,0,0,0,1,0,1,0,1,0,1,10,5,20,90
2019-06-02,129,0,1,1,0,0,0,0,1,0,1,0,1,0,1,10,5,25,90
2019-06-03,120,0,1,0,1,0,0,0,1,0,1,0,1,0,1,10,5,25,85
2019-06-04,137,0,1,0,1,0,0,0,1,0,1,0,1,0,1,10,5,25,90
2019-06-05,118,0,1,0,1,0,0,0,1,0,1,1,0,0,1,10,5,25,80
2019-06-06,120,0,1,0,1,0,0,0,1,0,1,1,0,0,1,10,5,25,85
2019-06-07,136,0,1,0,1,0,0,0,1,0,1,1,0,0,1,10,5,30,75
2019-06-08,113,0,1,1,0,0,0,0,1,0,1,1,0,0,1,10,5,20,90
2019-06-09,106,0,1,1,0,0,0,0,1,0,1,1,0,0,1,10,5,25,85
2019-06-10,111,0,1,0,1,0,0,0,1,0,1,1,0,0,1,10,5,30,85
2019-06-11,99,0,1,0,1,0,0,0,1,0,1,0,1,0,1,10,5,30,85
2019-06-12,108,0,1,0,1,0,0,0,1,0,1,0,1,0,1,10,5,30,80
2019-06-13,121,0,1,0,1,0,0,0,1,0,1,0,1,0,1,10,5,30,80
2019-06-14,89,0,1,0,1,0,0,0,1,0,1,0,1,0,1,10,5,30,80
2019-06-15,110,0,1,1,0,0,0,0,1,0,1,0,1,0,1,10,5,30,85
2019-06-16,127,0,1,1,0,0,0,0,1,0,1,0,1,0,1,10,5,30,90
2019-06-17,129,0,1,0,1,0,0,0,1,0,1,0,1,0,1,10,5,30,90
2019-06-18,116,0,1,0,1,0,0,0,1,0,1,0,1,0,1,10,5,30,75
2019-06-19,121,0,1,0,1,0,0,0,1,0,1,0,1,0,1,10,10,25,70
2019-06-20,113,0,1,0,1,0,0,0,1,1,0,0,1,0,1,10,5,20,80
2019-06-21,128,0,1,0,1,0,0,0,1,1,0,0,1,0,1,10,5,25,80
2019-06-22,130,0,1,1,0,0,0,0,1,0,1,0,1,0,1,10,5,30,85
2019-06-23,145,0,1,1,0,0,0,0,1,0,1,0,1,0,1,10,5,30,80
2019-06-24,139,0,1,0,1,0,0,0,1,0,1,0,1,0,1,10,5,30,75
2019-06-25,120,0,1,0,1,0,0,0,1,0,1,0,1,0,1,10,5,30,75
2019-06-26,119,0,1,0,1,0,0,0,1,0,1,0,1,0,1,10,20,15,75
2019-06-27,115,0,1,0,1,0,0,0,1,0,1,0,1,0,1,10,5,25,85
2019-06-28,128,0,1,0,1,0,0,0,1,0,1,1,0,0,1,10,5,25,95
2019-06-29,130,0,1,1,0,0,0,0,1,0,1,1,0,0,1,10,5,30,70
2019-06-30,148,0,1,1,0,0,0,0,1,0,1,1,0,0,1,10,10,30,95
2019-07-01,128,0,1,0,1,0,0,0,1,0,1,0,1,0,1,11,30,20,85
2019-07-02,119,0,1,0,1,0,0,0,1,0,1,0,1,0,1,11,5,20,85
2019-07-03,113,0,1,0,1,0,0,0,1,0,1,0,1,0,1,11,5,15,65
2019-07-04,135,0,1,0,1,0,0,0,1,0,1,0,1,0,1,11,5,15,65
2019-07-05,129,0,1,0,1,0,0,0,1,0,1,1,0,0,1,11,5,15,60
2019-07-06,130,0,1,1,0,0,0,0,1,0,1,1,0,0,1,11,5,15,75
2019-07-07,141,0,1,1,0,0,0,0,1,0,1,1,0,0,1,11,5,15,80
2019-07-08,129,0,1,0,1,0,0,0,1,0,1,1,0,0,1,11,5,20,80
2019-07-09,119,0,1,0,1,0,0,0,1,0,1,1,0,0,1,11,5,20,85
2019-07-10,116,0,1,0,1,0,0,0,1,0,1,1,0,0,1,11,5,25,80
2019-07-11,131,0,1,0,1,0,0,0,1,0,1,0,1,0,1,11,5,30,75
2019-07-12,120,0,1,0,1,0,0,0,1,0,1,0,1,0,1,11,5,30,80
2019-07-13,101,0,1,1,0,0,0,0,1,0,1,0,1,0,1,11,5,20,95
2019-07-14,128,0,1,1,0,0,0,0,1,0,1,0,1,0,1,11,20,15,95
2019-07-15,111,0,1,0,1,0,0,0,1,0,1,0,1,0,1,11,5,15,85
2019-07-16,113,0,1,0,1,0,0,0,1,0,1,0,1,0,1,11,5,20,85
2019-07-17,104,0,1,0,1,0,0,0,1,0,1,0,1,0,1,11,5,20,90
2019-07-18,128,0,1,0,1,0,0,0,1,0,1,0,1,0,1,11,5,25,85
2019-07-19,118,0,1,0,1,0,0,0,1,0,1,0,1,0,1,11,5,25,90
2019-07-20,129,0,1,1,0,0,0,0,1,0,1,0,1,0,1,11,5,30,80
2019-07-21,108,0,1,1,0,0,0,0,1,0,1,0,1,0,1,11,5,30,75
2019-07-22,118,0,1,0,1,0,0,0,1,0,1,0,1,0,1,11,5,30,80
2019-07-23,99,0,1,0,1,0,0,0,1,0,1,0,1,0,1,11,5,20,95
2019-07-24,77,0,1,0,1,0,0,0,1,0,1,0,1,0,1,11,80,20,100
2019-07-25,105,0,1,0,1,0,0,0,1,0,1,0,1,0,1,11,20,20,90
2019-07-26,111,0,1,0,1,0,0,0,1,0,1,0,1,0,1,11,5,20,90
2019-07-27,110,0,1,1,0,0,0,0,1,0,1,0,1,0,1,11,5,15,90
2019-07-28,128,0,1,1,0,0,0,0,1,0,1,1,0,0,1,11,5,20,85
2019-07-29,148,0,1,0,1,0,0,0,1,0,1,1,0,0,1,11,5,25,85
2019-07-30,104,0,1,0,1,0,0,0,1,0,1,1,0,0,1,11,10,25,90
2019-07-31,121,0,1,0,1,0,0,0,1,0,1,1,0,0,1,11,5,25,80
2019-08-01,118,0,1,0,1,0,0,0,1,0,1,0,1,0,1,11,5,30,80
2019-08-02,107,0,1,0,1,0,0,0,1,0,1,0,1,0,1,11,20,20,75
2019-08-03,129,0,1,1,0,0,0,0,1,0,1,0,1,0,1,11,5,15,70
2019-08-04,149,0,1,1,0,0,0,0,1,0,1,0,1,0,1,11,5,20,80
2019-08-05,131,0,1,0,1,0,0,0,1,0,1,1,0,0,1,11,5,25,80
2019-08-06,125,0,1,0,1,0,0,0,1,0,1,1,0,0,1,11,5,30,75
2019-08-07,159,0,1,0,1,0,1,0,0,0,1,1,0,0,1,11,5,30,75
2019-08-08,116,0,1,0,1,0,1,0,0,0,1,1,0,0,1,11,5,30,90
2019-08-09,138,0,1,0,1,0,1,0,0,0,1,1,0,0,1,11,10,25,95
2019-08-10,143,0,1,1,0,0,1,0,0,0,1,1,0,0,1,11,10,20,80
2019-08-11,159,0,1,1,0,1,0,0,0,0,1,0,1,0,1,11,5,20,80
2019-08-12,119,0,1,0,1,0,0,1,0,0,1,0,1,0,1,11,5,20,95
2019-08-13,78,0,1,0,1,0,0,1,0,0,1,0,1,0,1,11,15,15,65
2019-08-14,149,0,1,0,1,0,0,0,1,0,1,0,1,0,1,11,5,15,85
2019-08-15,139,0,1,0,1,0,0,0,1,0,1,0,1,0,1,11,5,25,80
2019-08-16,124,0,1,0,1,0,0,0,1,0,1,0,1,0,1,11,5,30,75
2019-08-17,81,0,1,1,0,0,0,0,1,0,1,0,1,0,1,11,5,30,55
2019-08-18,105,0,1,1,0,0,0,0,1,0,1,0,1,0,1,11,5,30,75
2019-08-19,87,0,1,0,1,0,0,0,1,0,1,0,1,0,1,11,5,15,80
2019-08-20,85,0,1,0,1,0,0,0,1,0,1,0,1,0,1,11,5,20,80
2019-08-21,114,0,1,0,1,0,0,0,1,0,1,0,1,0,1,11,5,20,85
2019-08-22,101,0,1,0,1,0,0,0,1,0,1,0,1,0,1,11,5,20,75
2019-08-23,155,0,1,0,1,0,0,0,1,0,1,0,1,0,1,11,5,20,85
2019-08-24,108,0,1,1,0,0,0,0,1,0,1,0,1,0,1,11,5,25,75
2019-08-25,131,0,1,1,0,0,0,0,1,0,1,0,1,0,1,11,5,25,70
2019-08-26,123,0,1,0,1,0,0,0,1,0,1,0,1,0,1,11,5,25,70
2019-08-27,134,0,1,0,1,0,0,0,1,0,1,0,1,0,1,11,5,30,80
2019-08-28,105,0,1,0,1,0,0,0,1,0,1,1,0,0,1,11,5,30,80
2019-08-29,116,0,1,0,1,0,0,0,1,0,1,1,0,0,1,11,5,35,65
2019-08-30,120,0,1,0,1,0,0,0,1,0,1,1,0,0,1,11,5,30,75
2019-08-31,118,0,1,1,0,0,0,0,1,0,1,1,0,0,1,11,30,20,90
2019-09-01,120,0,1,1,0,0,0,0,1,0,1,0,1,0,1,11,5,25,75
2019-09-02,110,0,1,0,1,0,0,0,1,0,1,0,1,0,1,11,5,25,70
2019-09-03,116,0,1,0,1,0,0,0,1,0,1,0,1,0,1,11,5,20,70
2019-09-04,130,0,1,0,1,0,0,0,1,0,1,0,1,0,1,11,5,20,60
2019-09-05,128,0,1,0,1,0,0,0,1,0,1,1,0,0,1,11,5,20,70
2019-09-06,120,0,1,0,1,0,0,0,1,0,1,1,0,0,1,11,5,20,90
2019-09-07,81,0,1,1,0,0,0,0,1,1,0,1,0,0,1,11,10,25,95
2019-09-08,119,0,1,1,0,0,0,0,1,0,1,1,0,0,1,11,10,30,90
2019-09-09,135,0,1,0,1,0,0,0,1,0,1,1,0,0,1,11,5,40,65
2019-09-10,129,0,1,0,1,0,0,0,1,0,1,1,0,0,1,11,5,30,85
2019-09-11,119,0,1,0,1,0,0,0,1,0,1,0,1,0,1,11,5,20,95
2019-09-12,101,0,1,0,1,0,0,0,1,0,1,0,1,0,1,11,30,20,95
2019-09-13,76,0,1,0,1,0,0,0,1,0,1,0,1,0,1,11,5,20,75
2019-09-14,128,0,1,1,0,0,0,0,1,0,1,0,1,0,1,11,5,25,85
2019-09-15,129,0,1,1,0,0,0,0,1,0,1,0,1,0,1,11,5,35,70
2019-09-16,118,0,1,0,1,0,0,0,1,0,1,0,1,0,1,11,5,30,85
2019-09-17,104,0,1,0,1,0,0,0,1,0,1,0,1,0,1,11,10,20,95
2019-09-18,149,0,1,0,1,0,0,0,1,0,1,0,1,0,1,11,35,20,90
2019-09-19,149,0,1,0,1,0,0,0,1,0,1,0,1,0,1,11,5,30,80
2019-09-20,81,0,1,0,1,0,0,0,1,0,1,0,1,0,1,11,5,25,75
2019-09-21,155,0,1,1,0,0,0,0,1,0,1,0,1,0,1,11,5,25,75
2019-09-22,105,0,1,1,0,0,0,0,1,0,1,0,1,0,1,11,5,20,70
2019-09-23,137,0,1,0,1,0,0,0,1,0,1,0,1,0,1,11,5,25,75
2019-09-24,127,0,1,0,1,0,0,0,1,0,1,0,1,0,1,11,5,25,70
2019-09-25,129,0,1,0,1,0,0,0,1,0,1,0,1,0,1,11,5,25,80
2019-09-26,120,0,1,0,1,0,0,0,1,0,1,0,1,0,1,11,5,30,65
2019-09-27,108,0,1,0,1,0,0,0,1,0,1,0,1,0,1,11,5,25,75
2019-09-28,119,0,1,1,0,0,0,0,1,0,1,1,0,0,1,11,5,25,70
2019-09-29,120,0,1,1,0,0,0,0,1,0,1,1,0,0,1,11,5,30,80
2019-09-30,110,0,1,0,1,0,0,0,1,0,1,1,0,0,1,11,5,35,65
2019-10-01,108,0,1,0,1,0,0,0,1,0,1,0,1,0,1,11,5,40,55
2019-10-02,125,0,1,0,1,0,0,0,1,0,1,0,1,0,1,11,5,30,90
2019-10-03,90,0,1,0,1,0,0,0,1,0,1,0,1,0,1,11,15,25,95
2019-10-04,114,0,1,0,1,0,0,0,1,0,1,0,1,0,1,11,25,25,100
2019-10-05,100,0,1,1,0,0,0,0,1,0,1,1,0,0,1,11,65,25,95
2019-10-06,106,0,1,1,0,0,0,0,1,0,1,1,0,0,1,11,10,20,90
2019-10-07,112,0,1,0,1,0,0,0,1,0,1,1,0,0,1,11,5,30,75
2019-10-08,131,0,1,0,1,0,0,0,1,0,1,1,0,0,1,11,5,30,75
2019-10-09,110,0,1,0,1,0,0,0,1,0,1,1,0,0,1,11,5,30,70
2019-10-10,107,0,1,0,1,0,0,0,1,0,1,1,0,0,1,11,5,35,70
2019-10-11,108,0,1,0,1,0,0,0,1,0,1,0,1,0,1,11,5,40,55
2019-10-12,94,0,1,1,0,0,0,0,1,1,0,0,1,0,1,11,5,40,55
2019-10-13,97,0,1,1,0,0,0,0,1,0,1,0,1,0,1,11,5,30,80
2019-10-14,103,0,1,0,1,0,0,0,1,0,1,0,1,0,1,11,5,25,95
2019-10-15,110,0,1,0,1,0,0,0,1,0,1,0,1,0,1,11,30,20,90
2019-10-16,129,0,1,0,1,0,0,0,1,0,1,0,1,0,1,11,5,25,90
2019-10-17,143,0,1,0,1,0,0,0,1,0,1,0,1,0,1,11,25,25,95
2019-10-18,81,0,1,0,1,0,0,0,1,0,1,0,1,0,1,11,20,30,80
2019-10-19,134,0,1,1,0,0,0,0,1,0,1,0,1,0,1,11,5,25,75
2019-10-20,120,0,1,1,0,0,0,0,1,0,1,0,1,0,1,11,5,25,70
2019-10-21,110,0,1,0,1,0,0,0,1,0,1,0,1,0,1,11,5,20,90
2019-10-22,106,0,1,0,1,0,0,0,1,0,1,0,1,0,1,11,15,25,80
2019-10-23,100,0,1,0,1,0,0,0,1,0,1,0,1,0,1,11,5,30,80
2019-10-24,128,0,1,0,1,0,0,0,1,0,1,0,1,0,1,11,5,30,65
2019-10-25,114,0,1,0,1,0,0,0,1,0,1,0,1,0,1,11,5,30,70
2019-10-26,135,0,1,1,0,0,0,0,1,0,1,0,1,0,1,11,5,35,70
2019-10-27,149,0,1,1,0,0,0,0,1,0,1,0,1,0,1,11,5,25,95
2019-10-28,149,0,1,0,1,0,0,0,1,0,1,1,0,0,1,11,20,30,75
2019-10-29,128,0,1,0,1,0,0,0,1,0,1,1,0,0,1,11,5,30,90
2019-10-30,146,0,1,0,1,0,0,0,1,0,1,1,0,0,1,11,15,25,95
2019-10-31,99,0,1,0,1,0,0,0,1,0,1,1,0,0,1,11,50,25,95
2019-11-01,128,0,1,0,1,0,0,0,1,0,1,0,1,0,1,11,5,25,85
2019-11-02,0,1,0,1,0,0,0,0,1,1,0,0,1,0,1,11,5,35,80
2019-11-03,98,0,1,1,0,0,0,0,1,0,1,0,1,0,1,11,5,25,75
2019-11-04,130,0,1,0,1,0,0,0,1,0,1,0,1,0,1,11,5,25,95
2019-11-05,138,0,1,0,1,0,0,0,1,0,1,1,0,0,1,11,40,25,85
2019-11-06,141,0,1,0,1,0,0,0,1,0,1,1,0,0,1,11,5,30,65
2019-11-07,128,0,1,0,1,0,0,0,1,0,1,1,0,0,1,11,10,30,90
2019-11-08,154,0,1,0,1,0,0,0,1,0,1,1,0,0,1,11,5,30,80
2019-11-09,138,0,1,1,0,0,0,0,1,0,1,1,0,0,1,11,5,30,80
2019-11-10,164,0,1,1,0,0,0,0,1,0,1,1,0,0,1,11,5,25,90
2019-11-11,143,0,1,0,1,0,0,0,1,0,1,0,1,0,1,11,5,25,80
2019-11-12,138,0,1,0,1,0,0,0,1,0,1,0,1,0,1,11,5,30,75
2019-11-13,132,0,1,0,1,0,0,0,1,0,1,0,1,0,1,11,5,35,70
2019-11-14,120,0,1,0,1,0,0,0,1,0,1,0,1,0,1,11,15,30,85
2019-11-15,64,0,1,0,1,0,0,0,1,1,0,0,1,0,1,11,10,25,75
2019-11-16,118,0,1,1,0,0,0,0,1,0,1,0,1,0,1,11,5,30,70
2019-11-17,128,0,1,1,0,0,0,0,1,0,1,0,1,0,1,11,5,30,60
2019-11-18,135,0,1,0,1,0,0,0,1,0,1,0,1,0,1,11,5,35,60
2019-11-19,126,0,1,0,1,0,0,0,1,0,1,0,1,0,1,11,5,35,70
2019-11-20,138,0,1,0,1,0,0,0,1,0,1,0,1,0,1,11,5,35,70
2019-11-21,120,0,1,0,1,0,0,0,1,0,1,0,1,0,1,11,5,35,65
2019-11-22,111,0,1,0,1,0,0,0,1,0,1,0,1,0,1,11,5,35,80
2019-11-23,138,0,1,1,0,0,0,0,1,0,1,0,1,0,1,11,15,25,70
2019-11-24,129,0,1,1,0,0,0,0,1,0,1,0,1,0,1,11,5,25,65
2019-11-25,141,0,1,0,1,0,0,0,1,0,1,0,1,0,1,11,5,30,70
2019-11-26,137,0,1,0,1,0,0,0,1,0,1,0,1,0,1,11,5,30,80
2019-11-27,129,0,1,0,1,0,0,0,1,0,1,0,1,0,1,11,5,25,85
2019-11-28,114,0,1,0,1,0,0,0,1,0,1,1,0,0,1,11,5,30,55
2019-11-29,132,0,1,0,1,0,0,0,1,0,1,1,0,0,1,11,5,35,60
2019-11-30,153,0,1,1,0,0,0,0,1,0,1,1,0,0,1,11,5,35,65
2019-12-01,142,0,1,1,0,0,0,0,1,0,1,0,1,0,1,11,5,30,65
2019-12-02,128,0,1,0,1,0,0,0,1,0,1,0,1,0,1,11,5,30,60
2019-12-03,108,0,1,0,1,0,0,0,1,0,1,0,1,0,1,11,5,30,55
2019-12-04,113,0,1,0,1,0,0,0,1,0,1,0,1,0,1,11,5,35,75
2019-12-05,131,0,1,0,1,0,0,0,1,0,1,1,0,0,1,11,10,30,70
2019-12-06,125,0,1,0,1,0,0,0,1,0,1,1,0,0,1,11,5,30,55
2019-12-07,119,0,1,1,0,0,0,0,1,0,1,1,0,0,1,11,5,30,65
2019-12-08,109,0,1,1,0,0,0,0,1,0,1,1,0,0,1,11,5,35,65
2019-12-09,128,0,1,0,1,0,0,0,1,0,1,1,0,0,1,11,5,35,60
2019-12-10,138,0,1,0,1,0,0,0,1,0,1,1,0,0,1,11,5,35,55
2019-12-11,119,0,1,0,1,0,0,0,1,0,1,0,1,0,1,11,5,35,60
2019-12-12,128,0,1,0,1,0,0,0,1,0,1,0,1,0,1,11,5,35,60
2019-12-13,136,0,1,0,1,0,0,0,1,0,1,0,1,0,1,11,5,30,60
2019-12-14,156,0,1,1,0,0,0,0,1,0,1,0,1,0,1,11,5,35,70
2019-12-15,148,0,1,1,0,0,0,0,1,0,1,0,1,0,1,11,5,35,70
2019-12-16,137,0,1,0,1,0,0,0,1,0,1,0,1,0,1,11,10,30,75
2019-12-17,128,0,1,0,1,0,0,0,1,0,1,0,1,0,1,11,5,30,70
2019-12-18,164,0,1,0,1,0,0,0,1,0,1,0,1,0,1,11,5,30,65
2019-12-19,138,0,1,0,1,0,0,0,1,0,1,0,1,0,1,11,5,35,65
2019-12-20,143,0,1,0,1,0,0,0,1,0,1,0,1,0,1,12,5,40,65
2019-12-21,160,0,1,1,0,0,1,0,0,0,1,0,1,0,1,12,5,30,70
2019-12-22,181,0,1,1,0,0,1,0,0,0,1,0,1,0,1,12,5,30,55
2019-12-23,196,0,1,0,1,0,1,0,0,0,1,0,1,0,1,12,5,30,55
2019-12-24,160,0,1,0,1,0,1,0,0,0,1,0,1,0,1,12,5,35,55
2019-12-25,0,1,0,0,1,1,1,0,0,1,0,0,1,0,1,12,5,40,50
2019-12-26,148,0,1,0,1,0,1,1,0,0,1,0,1,0,1,12,5,35,65
2019-12-27,155,0,1,0,1,0,1,1,0,0,1,0,1,0,1,12,5,40,65
2019-12-28,106,0,1,1,0,0,1,0,0,0,1,1,0,0,1,12,5,40,60
2019-12-29,0,1,0,1,0,1,1,0,0,0,1,1,0,0,1,12,5,40,45
2019-12-30,0,1,0,0,1,1,1,1,0,1,0,1,0,0,1,12,5,40,70
2019-12-31,0,1,0,0,1,1,1,1,0,1,0,1,0,0,1,12,5,40,70
2020-01-01,0,1,0,0,1,1,0,1,0,1,0,0,1,1,0,12,5,35,75
2020-01-02,59,0,1,0,1,0,0,1,0,0,1,0,1,1,0,12,5,30,75
2020-01-03,73,0,1,0,1,0,0,1,0,0,1,0,1,1,0,12,5,30,75
2020-01-04,65,0,1,1,0,0,0,0,1,0,1,0,1,1,0,12,5,30,75
2020-01-05,74,0,1,1,0,0,0,0,1,0,1,1,0,1,0,12,5,35,65
2020-01-06,83,0,1,0,1,0,0,0,1,0,1,1,0,1,0,12,5,40,65
2020-01-07,99,0,1,0,1,0,0,0,1,0,1,1,0,1,0,12,5,35,70
2020-01-08,106,0,1,0,1,0,0,0,1,0,1,1,0,1,0,12,5,35,65
2020-01-09,104,0,1,0,1,0,0,0,1,0,1,1,0,1,0,12,5,40,65
2020-01-10,79,0,1,0,1,0,0,0,1,0,1,1,0,1,0,12,5,40,80
2020-01-11,89,0,1,1,0,0,0,0,1,0,1,0,1,1,0,12,20,35,80
2020-01-12,95,0,1,1,0,0,0,0,1,0,1,0,1,1,0,12,5,35,60
2020-01-13,106,0,1,0,1,0,0,0,1,0,1,0,1,1,0,12,5,35,70
2020-01-14,129,0,1,0,1,0,0,0,1,0,1,0,1,1,0,12,5,35,70
2020-01-15,106,0,1,0,1,0,0,0,1,0,1,0,1,1,0,12,5,35,75
2020-01-16,94,0,1,0,1,0,0,0,1,0,1,0,1,1,0,12,20,25,65
2020-01-17,121,0,1,0,1,0,0,0,1,0,1,0,1,1,0,12,5,30,65
2020-01-18,107,0,1,1,0,0,0,0,1,0,1,0,1,1,0,12,5,35,70
2020-01-19,109,0,1,1,0,0,0,0,1,0,1,0,1,1,0,12,5,35,70
2020-01-20,118,0,1,0,1,0,0,0,1,0,1,0,1,1,0,12,5,40,70
2020-01-21,91,0,1,0,1,0,0,0,1,0,1,0,1,1,0,12,5,35,85
2020-01-22,129,0,1,0,1,0,0,0,1,0,1,0,1,1,0,12,10,30,75
2020-01-23,116,0,1,0,1,0,0,0,1,0,1,0,1,1,0,12,5,30,75
2020-01-24,125,0,1,0,1,0,0,0,1,0,1,0,1,1,0,12,5,30,70
2020-01-25,136,0,1,1,0,0,0,0,1,0,1,0,1,1,0,12,5,35,60
2020-01-26,120,0,1,1,0,0,0,0,1,0,1,0,1,1,0,12,5,35,65
2020-01-27,101,0,1,0,1,0,0,0,1,0,1,0,1,1,0,12,5,35,85
2020-01-28,115,0,1,0,1,0,0,0,1,0,1,1,0,1,0,12,15,35,75
2020-01-29,126,0,1,0,1,0,0,0,1,0,1,1,0,1,0,12,5,30,85
2020-01-30,110,0,1,0,1,0,0,0,1,0,1,1,0,1,0,12,5,30,80
2020-01-31,117,0,1,0,1,0,0,0,1,0,1,1,0,1,0,12,10,30,85
2020-02-01,121,0,1,1,0,0,0,0,1,0,1,0,1,1,0,12,5,30,75
2020-02-02,139,0,1,1,0,0,0,0,1,0,1,0,1,1,0,12,5,35,75
2020-02-03,128,0,1,0,1,0,0,0,1,0,1,0,1,1,0,12,5,35,75
2020-02-04,118,0,1,0,1,0,0,0,1,0,1,0,1,1,0,12,5,35,75
2020-02-05,81,0,1,0,1,0,0,0,1,0,1,1,0,1,0,12,5,35,70
2020-02-06,120,0,1,0,1,0,0,0,1,0,1,1,0,1,0,12,5,40,70
2020-02-07,106,0,1,0,1,0,0,0,1,0,1,1,0,1,0,12,5,35,70
2020-02-08,143,0,1,1,0,0,0,0,1,0,1,1,0,1,0,12,5,40,75
2020-02-09,78,0,1,1,0,0,0,0,1,0,1,1,0,1,0,12,30,30,75
2020-02-10,105,0,1,0,1,0,0,0,1,0,1,1,0,1,0,12,5,30,75
2020-02-11,118,0,1,0,1,0,0,0,1,0,1,0,1,1,0,12,5,30,70
2020-02-12,137,0,1,0,1,0,0,0,1,0,1,0,1,1,0,12,5,30,75
2020-02-13,120,0,1,0,1,0,0,0,1,0,1,0,1,1,0,12,5,35,65
2020-02-14,126,0,1,0,1,0,0,0,1,0,1,0,1,1,0,12,5,35,65
2020-02-15,110,0,1,1,0,0,0,0,1,0,1,0,1,1,0,12,5,35,65
2020-02-16,106,0,1,1,0,0,0,0,1,0,1,0,1,1,0,12,5,40,65
2020-02-17,100,0,1,0,1,0,0,0,1,0,1,0,1,1,0,12,5,40,65
2020-02-18,87,0,1,0,1,0,0,0,1,0,1,0,1,1,0,12,5,35,80
2020-02-19,120,0,1,0,1,0,0,0,1,0,1,0,1,1,0,12,10,35,70
2020-02-20,110,0,1,0,1,0,1,0,0,0,1,0,1,1,0,12,5,30,70
2020-02-21,96,0,1,0,1,0,1,0,0,0,1,0,1,1,0,12,5,30,65
2020-02-22,79,0,1,1,0,0,1,0,0,0,1,0,1,1,0,12,5,25,65
2020-02-23,89,0,1,1,0,0,1,0,0,0,1,0,1,1,0,12,5,30,70
2020-02-24,0,1,0,0,1,1,1,0,0,1,0,0,1,1,0,12,5,35,70
2020-02-25,0,1,0,0,1,1,0,1,0,1,0,0,1,1,0,12,5,35,80
2020-02-26,86,0,1,0,1,0,0,1,0,0,1,0,1,1,0,12,45,30,70
2020-02-27,99,0,1,0,1,0,0,1,0,0,1,0,1,1,0,12,5,30,65
2020-02-28,105,0,1,0,1,0,0,0,1,0,1,1,0,1,0,13,5,35,65
2020-02-29,117,0,1,1,0,0,0,0,1,0,1,1,0,1,0,13,5,35,70
2020-03-01,87,0,1,1,0,0,0,0,1,0,1,0,1,0,1,13,5,35,70
2020-03-02,99,0,1,0,1,0,0,0,1,0,1,0,1,0,1,13,5,30,70
2020-03-03,70,0,1,0,1,0,0,0,1,0,1,0,1,0,1,13,5,30,70
2020-03-04,98,0,1,0,1,0,0,0,1,0,1,0,1,0,1,13,5,30,70
2020-03-05,121,0,1,0,1,0,0,0,1,0,1,1,0,0,1,13,5,30,70
2020-03-06,108,0,1,0,1,0,0,0,1,0,1,1,0,0,1,13,5,30,70
