DATA,VENDAS,FDS,DATA_FESTIVA,VESPERA_DATA_FESTIVA,POS_DATA_FESTIVA,FERIADO,SEMANA_PAGAMENTO,ALTA_TEMPORADA,QTD_CONCORRENTES,PRECIPITACAO,TEMPERATURA,UMIDADE,VENDAS_ONTEM
2018-02-14,132,0,0,0,1,0,0,0,7,5,30,70,132.0
2018-02-15,149,0,0,0,1,0,0,0,7,5,30,65,132.0
2018-02-16,130,0,0,0,0,0,0,0,7,5,35,65,149.0
2018-02-17,174,1,0,0,0,0,0,0,7,5,35,70,130.0
2018-02-18,185,1,0,0,0,0,0,0,7,5,35,60,174.0
2018-02-19,121,0,0,0,0,0,0,0,7,5,30,75,185.0
2018-02-20,110,0,0,0,0,0,0,0,7,5,30,95,121.0
2018-02-21,105,0,0,0,0,0,0,0,7,30,30,85,110.0
2018-02-22,129,0,0,0,0,0,0,0,7,15,30,75,105.0
2018-02-23,143,0,0,0,0,0,0,0,7,5,30,75,129.0
2018-02-26,154,0,0,0,0,0,0,0,8,5,30,75,224.0
2018-02-27,161,0,0,0,0,0,0,0,8,5,30,85,154.0
2018-02-28,116,0,0,0,0,0,1,0,8,30,30,85,161.0
2018-03-01,116,0,0,0,0,0,0,1,8,5,35,85,116.0
2018-03-02,109,0,0,0,0,0,0,1,8,5,30,80,116.0
2018-03-03,124,1,0,0,0,0,0,1,8,5,30,75,109.0
2018-03-04,139,1,0,0,0,0,0,1,8,5,35,80,124.0
2018-03-05,107,0,0,0,0,0,1,1,8,10,35,80,139.0
2018-03-06,116,0,0,0,0,0,1,1,8,5,30,85,107.0
2018-03-07,139,0,0,0,0,0,1,1,8,5,30,65,116.0
2018-03-08,150,0,0,0,0,0,1,1,8,5,30,70,139.0
2018-03-09,168,0,0,0,0,0,1,1,8,5,30,80,150.0
2018-03-10,131,1,0,0,0,0,1,1,8,5,35,75,168.0
2018-03-11,146,1,0,0,0,0,0,1,8,5,35,65,131.0
2018-03-12,139,0,0,0,0,0,0,1,8,10,25,65,146.0
2018-03-13,155,0,0,0,0,0,0,1,8,5,30,60,139.0
2018-03-14,186,0,0,0,0,0,0,1,8,5,35,65,155.0
2018-03-15,120,0,0,0,0,0,0,1,8,35,30,80,186.0
2018-03-16,133,0,0,0,0,0,0,1,8,5,30,70,120.0
2018-03-17,179,1,0,0,0,0,0,1,8,5,35,75,133.0
2018-03-18,165,1,0,0,0,0,0,1,8,5,40,65,179.0
2018-03-19,149,0,0,0,0,0,0,1,8,10,30,75,165.0
2018-03-20,155,0,0,0,0,0,0,1,8,5,25,85,149.0
2018-03-21,160,0,0,0,0,0,0,1,8,5,25,80,155.0
2018-03-22,178,0,0,0,0,0,0,1,8,5,30,65,160.0
2018-03-23,149,0,0,0,0,0,0,1,8,5,35,70,178.0
2018-03-24,188,1,0,0,0,0,0,1,8,5,30,95,149.0
2018-03-25,174,1,0,0,0,0,0,1,8,30,25,80,188.0
2018-03-26,166,0,0,0,0,0,0,1,8,5,25,90,174.0
2018-03-27,130,0,0,0,0,0,0,1,8,5,25,90,166.0
2018-03-28,139,0,0,0,0,0,1,1,8,5,30,90,130.0
2018-03-29,120,0,0,0,0,0,1,1,8,5,30,90,139.0
2018-03-31,108,1,0,0,0,0,1,1,8,5,25,95,120.0
2018-04-01,129,1,0,0,0,0,0,1,8,20,30,95,108.0
2018-04-02,139,0,0,0,0,0,0,1,8,10,25,95,129.0
2018-04-03,145,0,0,0,0,0,0,1,8,25,30,85,139.0
2018-04-04,159,0,0,0,0,0,0,1,8,5,30,90,145.0
2018-04-05,166,0,0,0,0,0,1,1,8,5,30,80,159.0
2018-04-06,175,0,0,0,0,0,1,1,8,5,30,85,166.0
2018-04-07,153,1,0,0,0,0,1,1,8,5,30,75,175.0
2018-04-08,111,1,0,0,0,0,1,1,8,5,30,80,153.0
2018-04-09,139,0,0,0,0,0,1,1,8,5,35,80,111.0
2018-04-10,140,0,0,0,0,0,1,1,8,5,35,75,139.0
2018-04-11,125,0,0,0,0,0,0,1,8,5,35,65,140.0
2018-04-12,138,0,0,0,0,0,0,1,8,5,35,65,125.0
2018-04-13,144,0,0,0,0,0,0,1,8,5,30,85,138.0
2018-04-14,121,1,0,0,0,0,0,1,8,5,25,80,144.0
2018-04-15,106,1,0,0,0,0,0,1,8,5,30,75,121.0
2018-04-16,134,0,0,0,0,0,0,1,8,5,30,70,106.0
2018-04-17,161,0,0,0,0,0,0,1,8,5,30,70,134.0
2018-04-18,130,0,0,0,0,0,0,1,8,5,30,65,161.0
2018-04-19,145,0,0,0,0,0,0,1,8,5,35,70,130.0
2018-04-20,158,0,0,0,0,0,0,1,8,5,35,65,145.0
2018-04-21,86,1,0,0,0,1,0,1,8,20,30,95,158.0
2018-04-22,99,1,0,0,0,0,0,1,8,10,30,80,86.0
2018-04-23,116,0,0,0,0,0,0,1,8,5,35,75,99.0
2018-04-24,140,0,0,0,0,0,0,1,8,5,30,85,116.0
2018-04-25,131,0,0,0,0,0,0,1,8,5,30,80,140.0
2018-04-26,147,0,0,0,0,0,0,1,8,5,30,90,131.0
2018-04-27,128,0,0,0,0,0,0,1,8,5,30,80,147.0
2018-04-28,99,1,0,0,0,0,1,1,8,5,35,75,128.0
2018-04-29,105,1,0,0,0,0,1,1,8,5,35,75,99.0
2018-04-30,98,0,0,0,0,1,1,1,8,25,30,85,105.0
2018-05-01,79,0,0,0,0,1,0,1,8,5,25,95,98.0
2018-05-02,121,0,0,0,0,0,0,1,8,5,25,85,79.0
2018-05-03,110,0,0,0,0,0,0,1,8,5,25,85,121.0
2018-05-04,140,0,0,0,0,0,0,1,8,5,30,85,110.0
2018-05-05,166,1,0,0,0,0,1,1,8,5,30,90,140.0
2018-05-06,159,1,0,0,0,0,1,1,8,5,25,85,166.0
2018-05-07,149,0,0,0,0,0,1,1,8,5,25,80,159.0
2018-05-08,160,0,0,0,0,0,1,1,8,5,30,80,149.0
2018-05-09,189,0,0,1,0,0,1,1,8,5,30,75,160.0
2018-05-14,140,0,0,0,1,0,0,1,8,5,30,80,225.0
2018-05-15,127,0,0,0,1,0,0,1,8,5,25,85,140.0
2018-05-16,109,0,0,0,0,0,0,1,8,5,25,65,127.0
2018-05-17,116,0,0,0,0,0,0,1,8,5,25,75,109.0
2018-05-18,129,0,0,0,0,0,0,1,8,30,20,95,116.0
2018-05-19,144,1,0,0,0,0,0,1,8,10,20,95,129.0
2018-05-20,136,1,0,0,0,0,0,1,8,35,15,85,144.0
2018-05-21,110,0,0,0,0,0,0,1,8,5,20,85,136.0
2018-05-22,139,0,0,0,0,0,0,1,8,5,20,80,110.0
2018-05-23,155,0,0,0,0,0,0,1,8,5,20,80,139.0
2018-05-24,126,0,0,0,0,0,0,1,8,5,20,80,155.0
2018-05-25,181,0,0,0,0,0,0,1,8,5,25,80,126.0
2018-05-26,141,1,0,0,0,0,0,1,9,5,30,85,181.0
2018-05-27,127,1,0,0,0,0,0,1,9,5,30,80,141.0
2018-05-28,137,0,0,0,0,0,1,1,9,5,30,80,127.0
2018-05-29,108,0,0,0,0,0,1,1,9,5,30,65,137.0
2018-05-30,124,0,0,0,0,0,1,1,9,5,30,70,108.0
2018-05-31,89,0,0,0,0,1,1,1,9,5,25,85,124.0
2018-06-01,106,0,0,0,0,1,0,1,9,5,25,95,89.0
2018-06-02,139,1,0,0,0,0,0,1,9,20,20,80,106.0
2018-06-03,163,1,0,0,0,0,0,1,9,5,15,90,139.0
2018-06-04,149,0,0,0,0,0,0,1,9,5,20,80,163.0
2018-06-05,161,0,0,0,0,0,1,1,9,5,20,85,149.0
2018-06-06,139,0,0,0,0,0,1,1,9,10,20,80,161.0
2018-06-07,150,0,0,0,0,0,1,1,9,5,20,70,139.0
2018-06-08,144,0,0,0,0,0,1,1,9,5,20,80,150.0
2018-06-09,166,1,0,0,0,0,1,1,9,5,25,70,144.0
2018-06-10,186,1,0,0,0,0,1,1,9,10,25,90,166.0
2018-06-11,155,0,0,0,0,0,0,1,9,10,30,80,186.0
2018-06-12,139,0,0,0,0,0,0,1,9,40,25,95,155.0
2018-06-13,167,0,0,0,0,0,0,1,9,10,20,65,139.0
2018-06-14,175,0,0,0,0,0,0,1,9,5,15,75,167.0
2018-06-15,147,0,0,0,0,0,0,1,9,5,15,80,175.0
2018-06-16,129,1,0,0,0,0,0,1,9,5,15,80,147.0
2018-06-17,177,1,0,0,0,0,0,1,9,5,15,80,129.0
2018-06-18,149,0,0,0,0,0,0,1,9,5,20,90,177.0
2018-06-19,138,0,0,0,0,0,0,1,9,5,25,90,149.0
2018-06-20,140,0,0,0,0,0,0,1,9,5,25,85,138.0
2018-06-21,138,0,0,0,0,0,0,1,9,5,30,85,140.0
2018-06-22,155,0,0,0,0,0,0,1,9,5,20,75,138.0
2018-06-23,149,1,0,0,0,0,0,1,9,5,30,85,155.0
2018-06-24,179,1,0,0,0,0,0,1,9,25,15,85,149.0
2018-06-25,148,0,0,0,0,0,0,1,9,15,15,95,179.0
2018-06-26,129,0,0,0,0,0,0,1,9,10,20,90,148.0
2018-06-27,116,0,0,0,0,0,0,1,9,5,20,95,129.0
2018-06-28,146,0,0,0,0,0,1,1,9,5,20,100,116.0
2018-06-29,139,0,0,0,0,0,1,1,9,10,20,100,146.0
2018-06-30,177,1,0,0,0,0,1,1,9,10,20,95,139.0
2018-07-01,195,1,0,0,0,0,0,1,9,5,25,85,177.0
2018-07-02,149,0,0,0,0,0,0,1,9,5,20,95,195.0
2018-07-03,131,0,0,0,0,0,0,1,9,25,15,80,149.0
2018-07-04,157,0,0,0,0,0,0,1,9,5,15,90,131.0
2018-07-05,170,0,0,0,0,0,1,1,9,10,15,100,157.0
2018-07-06,145,0,0,0,0,0,1,1,9,5,20,95,170.0
2018-07-07,163,1,0,0,0,0,1,1,9,5,25,90,145.0
2018-07-08,188,1,0,0,0,0,1,1,9,5,20,80,163.0
2018-07-09,161,0,0,0,0,0,1,1,9,15,15,100,188.0
2018-07-10,149,0,0,0,0,0,1,1,9,20,20,90,161.0
2018-07-11,130,0,0,0,0,0,0,1,9,5,20,90,149.0
2018-07-12,114,0,0,0,0,0,0,1,9,5,20,85,130.0
2018-07-13,129,0,0,0,0,0,0,1,9,5,20,85,114.0
2018-07-14,138,1,0,0,0,0,0,1,9,5,30,80,129.0
2018-07-15,164,1,0,0,0,0,0,1,9,5,30,75,138.0
2018-07-16,139,0,0,0,0,0,0,1,9,5,25,95,164.0
2018-07-17,110,0,0,0,0,0,0,1,9,20,20,100,139.0
2018-07-18,101,0,0,0,0,0,0,1,9,50,30,85,110.0
2018-07-19,133,0,0,0,0,0,0,1,9,5,30,70,101.0
2018-07-20,109,0,0,0,0,0,0,1,9,5,30,85,133.0
2018-07-21,139,1,0,0,0,0,0,1,9,15,15,60,109.0
2018-07-22,155,1,0,0,0,0,0,1,9,5,20,80,139.0
2018-07-23,129,0,0,0,0,0,0,1,9,5,20,85,155.0
2018-07-24,115,0,0,0,0,0,0,1,9,10,15,95,129.0
2018-07-25,133,0,0,0,0,0,0,1,9,20,20,95,115.0
2018-07-26,90,0,0,0,0,0,0,1,9,15,20,95,133.0
2018-07-27,81,0,0,0,0,0,0,1,9,5,20,85,90.0
2018-07-28,104,1,0,0,0,0,1,1,9,5,20,95,81.0
2018-07-29,155,1,0,0,0,0,1,1,9,5,20,70,104.0
2018-07-30,133,0,0,0,0,0,1,1,9,5,20,80,155.0
2018-07-31,125,0,0,0,0,0,1,1,9,5,20,80,133.0
2018-08-01,149,0,0,0,0,0,0,1,9,5,20,75,125.0
2018-08-02,120,0,0,0,0,0,0,1,9,5,25,80,149.0
2018-08-03,151,0,0,0,0,0,0,1,9,5,25,85,120.0
2018-08-04,123,1,0,0,0,0,0,1,9,5,25,75,151.0
2018-08-05,177,1,0,0,0,0,1,1,9,5,20,80,123.0
2018-08-06,144,0,0,0,0,0,1,1,9,5,20,80,177.0
2018-08-07,99,0,0,0,0,0,1,1,9,5,25,70,144.0
2018-08-08,164,0,0,1,0,0,1,1,9,5,20,95,99.0
2018-08-09,154,0,0,1,0,0,1,1,9,10,15,90,164.0
2018-08-10,186,0,0,1,0,0,1,1,9,5,15,80,154.0
2018-08-11,170,1,0,1,0,0,0,1,9,5,15,95,186.0
2018-08-12,153,1,1,0,0,0,0,1,9,5,20,90,170.0
2018-08-13,139,0,0,0,1,0,0,1,9,5,25,85,153.0
2018-08-14,106,0,0,0,1,0,0,1,9,5,25,80,139.0
2018-08-15,131,0,0,0,0,0,0,1,9,5,20,80,106.0
2018-08-16,121,0,0,0,0,0,0,1,9,5,20,80,131.0
2018-08-17,149,0,0,0,0,0,0,1,9,5,25,75,121.0
2018-08-18,155,1,0,0,0,0,0,1,9,5,30,70,149.0
2018-08-19,188,1,0,0,0,0,0,1,9,5,30,80,155.0
2018-08-20,141,0,0,0,0,0,0,1,10,15,15,95,188.0
2018-08-21,109,0,0,0,0,0,0,1,10,20,15,85,141.0
2018-08-22,121,0,0,0,0,0,0,1,10,10,15,95,109.0
2018-08-23,144,0,0,0,0,0,0,1,10,5,25,75,121.0
2018-08-24,130,0,0,0,0,0,0,1,10,10,25,95,144.0
2018-08-25,112,1,0,0,0,0,0,1,10,20,20,65,130.0
2018-08-26,134,1,0,0,0,0,0,1,10,5,15,60,112.0
2018-08-27,163,0,0,0,0,0,0,1,10,5,25,70,134.0
2018-08-28,132,0,0,0,0,0,1,1,10,5,25,75,163.0
2018-08-29,119,0,0,0,0,0,1,1,10,5,30,65,132.0
2018-08-30,124,0,0,0,0,0,1,1,10,5,25,90,119.0
2018-08-31,91,0,0,0,0,0,1,1,10,45,20,100,124.0
2018-09-01,104,1,0,0,0,0,0,1,10,25,20,100,91.0
2018-09-02,111,1,0,0,0,0,0,1,10,50,20,95,104.0
2018-09-03,103,0,0,0,0,0,0,1,10,10,20,95,111.0
2018-09-04,134,0,0,0,0,0,0,1,10,5,20,85,103.0
2018-09-05,119,0,0,0,0,0,1,1,10,5,25,75,134.0
2018-09-06,106,0,0,0,0,0,1,1,10,5,30,65,119.0
2018-09-07,129,0,0,0,0,1,1,1,10,5,30,60,106.0
2018-09-08,113,1,0,0,0,0,1,1,10,5,25,75,129.0
2018-09-09,155,1,0,0,0,0,1,1,10,5,25,80,113.0
2018-09-10,136,0,0,0,0,0,1,1,10,5,25,75,155.0
2018-09-11,104,0,0,0,0,0,0,1,10,5,25,80,136.0
2018-09-12,129,0,0,0,0,0,0,1,10,5,25,75,104.0
2018-09-13,109,0,0,0,0,0,0,1,10,5,30,75,129.0
2018-09-14,128,0,0,0,0,0,0,1,10,10,20,95,109.0
2018-09-15,159,1,0,0,0,0,0,1,10,10,25,85,128.0
2018-09-16,177,1,0,0,0,0,0,1,10,5,25,75,159.0
2018-09-17,130,0,0,0,0,0,0,1,10,5,25,85,177.0
2018-09-18,152,0,0,0,0,0,0,1,10,5,25,80,130.0
2018-09-19,105,0,0,0,0,0,0,1,10,5,30,70,152.0
2018-09-20,129,0,0,0,0,0,0,1,10,5,25,75,105.0
2018-09-21,115,0,0,0,0,0,0,1,10,5,30,80,129.0
2018-09-22,148,1,0,0,0,0,0,1,10,5,35,65,115.0
2018-09-23,109,1,0,0,0,0,0,1,10,10,30,95,148.0
2018-09-24,130,0,0,0,0,0,0,1,10,55,25,95,109.0
2018-09-25,123,0,0,0,0,0,0,1,10,5,25,95,130.0
2018-09-26,109,0,0,0,0,0,0,1,10,10,30,80,123.0
2018-09-27,143,0,0,0,0,0,0,1,10,5,25,80,109.0
2018-09-28,129,0,0,0,0,0,1,1,10,5,30,85,143.0
2018-09-29,151,1,0,0,0,0,1,1,10,5,35,75,129.0
2018-09-30,166,1,0,0,0,0,1,1,10,5,25,85,151.0
2018-10-01,131,0,0,0,0,0,0,1,10,5,30,90,166.0
2018-10-02,155,0,0,0,0,0,0,1,10,35,20,95,131.0
2018-10-03,148,0,0,0,0,0,0,1,10,10,20,90,155.0
2018-10-04,104,0,0,0,0,0,0,1,10,5,25,65,148.0
2018-10-05,121,0,0,0,0,0,1,1,10,5,25,65,104.0
2018-10-06,132,1,0,0,0,0,1,1,10,5,25,65,121.0
2018-10-07,122,1,0,0,0,0,1,1,10,5,30,70,132.0
2018-10-08,109,0,0,0,0,0,1,1,10,5,35,75,122.0
2018-10-09,128,0,0,0,0,0,1,1,10,5,30,85,109.0
2018-10-10,100,0,0,0,0,0,1,1,10,5,25,75,128.0
2018-10-11,89,0,0,0,0,0,0,1,10,5,25,70,100.0
2018-10-13,88,1,0,0,0,0,0,1,10,5,25,85,69.0
2018-10-14,73,1,0,0,0,0,0,1,10,5,25,80,88.0
2018-10-15,104,0,0,0,0,0,0,1,10,5,30,75,73.0
2018-10-16,111,0,0,0,0,0,0,1,10,5,30,70,104.0
2018-10-17,125,0,0,0,0,0,0,1,10,5,35,75,111.0
2018-10-18,101,0,0,0,0,0,0,1,10,5,30,85,125.0
2018-10-19,153,0,0,0,0,0,0,1,10,5,30,70,101.0
2018-10-20,131,1,0,0,0,0,0,1,10,5,25,65,153.0
2018-10-21,121,1,0,0,0,0,0,1,10,5,25,70,131.0
2018-10-22,141,0,0,0,0,0,0,1,10,5,30,65,121.0
2018-10-23,144,0,0,0,0,0,0,1,10,5,25,70,141.0
2018-10-24,163,0,0,0,0,0,0,1,10,5,25,70,144.0
2018-10-25,104,0,0,0,0,0,0,1,10,5,30,75,163.0
2018-10-26,130,0,0,0,0,0,0,1,10,5,30,85,104.0
2018-10-27,128,1,0,0,0,0,0,1,10,20,25,80,130.0
2018-10-28,116,1,0,0,0,0,1,1,10,5,25,70,128.0
2018-10-29,104,0,0,0,0,0,1,1,10,5,30,70,116.0
2018-10-30,129,0,0,0,0,0,1,1,10,5,35,65,104.0
2018-10-31,136,0,0,0,0,0,1,1,10,25,30,85,129.0
2018-11-01,88,0,0,0,0,0,0,1,10,5,25,80,136.0
2018-11-03,90,1,0,0,0,0,0,1,10,20,25,90,88.0
2018-11-04,122,1,0,0,0,0,0,1,10,5,25,70,90.0
2018-11-05,108,0,0,0,0,0,1,1,10,5,30,70,122.0
2018-11-06,115,0,0,0,0,0,1,1,10,5,30,75,108.0
2018-11-07,129,0,0,0,0,0,1,1,10,5,25,80,115.0
2018-11-08,100,0,0,0,0,0,1,1,10,5,30,65,129.0
2018-11-09,109,0,0,0,0,0,1,1,10,5,35,65,100.0
2018-11-10,73,1,0,0,0,0,1,1,10,5,35,65,109.0
2018-11-11,153,1,0,0,0,0,0,1,10,5,35,60,73.0
2018-11-12,104,0,0,0,0,0,0,1,10,5,35,75,153.0
2018-11-13,106,0,0,0,0,0,0,1,10,5,35,60,104.0
2018-11-14,125,0,0,0,0,0,0,1,10,20,30,75,106.0
2018-11-15,123,0,0,0,0,1,0,1,10,5,30,60,125.0
2018-11-16,89,0,0,0,0,1,0,1,10,5,30,70,123.0
2018-11-17,106,1,0,0,0,0,0,1,10,5,30,70,89.0
2018-11-18,122,1,0,0,0,0,0,1,10,30,25,80,106.0
2018-11-19,89,0,0,0,0,0,0,1,10,5,30,60,122.0
2018-11-20,148,0,0,0,0,0,0,1,10,5,30,65,89.0
2018-11-21,131,0,0,0,0,0,0,1,10,5,35,65,148.0
2018-11-22,154,0,0,0,0,0,0,1,10,5,35,65,131.0
2018-11-23,148,0,0,0,0,0,0,1,10,5,35,70,154.0
2018-11-24,107,1,0,0,0,0,0,1,10,50,25,95,148.0
2018-11-25,139,1,0,0,0,0,0,1,10,10,30,65,107.0
2018-11-26,119,0,0,0,0,0,0,1,10,5,30,65,139.0
2018-11-27,148,0,0,0,0,0,0,1,10,5,30,75,119.0
2018-11-28,137,0,0,0,0,0,1,1,10,5,30,80,148.0
2018-11-29,151,0,0,0,0,0,1,1,10,5,35,75,137.0
2018-11-30,164,0,0,0,0,0,1,1,10,5,30,90,151.0
2018-12-01,128,1,0,0,0,0,0,1,10,5,30,90,164.0
2018-12-02,158,1,0,0,0,0,0,1,10,10,25,70,128.0
2018-12-03,139,0,0,0,0,0,0,1,10,5,25,55,158.0
2018-12-04,151,0,0,0,0,0,0,1,10,5,30,50,139.0
2018-12-05,166,0,0,0,0,0,1,1,10,5,30,65,151.0
2018-12-06,128,0,0,0,0,0,1,1,10,5,25,70,166.0
2018-12-07,155,0,0,0,0,0,1,1,10,5,25,60,128.0
2018-12-08,139,1,0,0,0,0,1,1,10,5,30,55,155.0
2018-12-09,167,1,0,0,0,0,1,1,10,5,35,60,139.0
2018-12-10,149,0,0,0,0,0,1,1,10,5,35,55,167.0
2018-12-11,153,0,0,0,0,0,0,1,10,5,40,50,149.0
2018-12-12,149,0,0,0,0,0,0,1,10,5,30,75,153.0
2018-12-13,186,0,0,0,0,0,0,1,10,5,35,80,149.0
2018-12-14,155,0,0,0,0,0,0,1,10,5,40,75,186.0
2018-12-15,161,1,0,0,0,0,0,1,10,10,30,85,155.0
2018-12-16,183,1,0,0,0,0,0,1,10,5,35,75,161.0
2018-12-17,152,0,0,0,0,0,0,1,10,5,40,75,183.0
2018-12-18,139,0,0,0,0,0,0,1,10,15,30,90,152.0
2018-12-19,168,0,0,0,0,0,0,1,10,5,30,85,139.0
2018-12-20,175,0,0,0,0,0,0,1,10,5,30,85,168.0
2018-12-21,164,0,0,1,0,0,0,1,10,15,30,80,175.0
2018-12-26,139,0,0,1,1,0,0,1,10,5,35,70,229.0
2018-12-27,108,0,0,1,1,0,0,1,10,5,35,70,139.0
2018-12-28,126,0,0,1,0,0,1,1,10,5,40,60,108.0
2019-01-02,87,0,0,0,1,0,0,0,10,5,40,60,126.0
2019-01-03,99,0,0,0,1,0,0,0,10,5,35,90,87.0
2019-01-04,81,0,0,0,0,0,0,0,10,15,30,85,99.0
2019-01-05,79,1,0,0,0,0,1,0,10,5,30,75,81.0
2019-01-06,89,1,0,0,0,0,1,0,10,5,35,70,79.0
2019-01-07,105,0,0,0,0,0,1,0,10,5,35,75,89.0
2019-01-08,87,0,0,0,0,0,1,0,10,5,35,70,105.0
2019-01-09,98,0,0,0,0,0,1,0,10,5,30,75,87.0
2019-01-10,101,0,0,0,0,0,1,0,10,5,30,75,98.0
2019-01-11,85,0,0,0,0,0,0,0,10,5,30,80,101.0
2019-01-13,86,1,0,0,0,0,0,0,10,5,40,65,69.0
2019-01-14,94,0,0,0,0,0,0,0,10,5,35,80,86.0
2019-01-15,128,0,0,0,0,0,0,0,10,5,35,70,94.0
2019-01-16,113,0,0,0,0,0,0,0,10,35,35,80,128.0
2019-01-17,97,0,0,0,0,0,0,0,10,5,30,90,113.0
2019-01-18,100,0,0,0,0,0,0,0,10,15,30,90,97.0
2019-01-19,78,1,0,0,0,0,0,0,10,15,25,95,100.0
2019-01-20,104,1,0,0,0,0,0,0,10,10,30,80,78.0
2019-01-21,128,0,0,0,0,0,0,0,10,5,30,85,104.0
2019-01-22,119,0,0,0,0,0,0,0,10,5,35,75,128.0
2019-01-23,130,0,0,0,0,0,0,0,10,5,35,65,119.0
2019-01-24,125,0,0,0,0,0,0,0,10,5,35,85,130.0
2019-01-25,117,0,0,0,0,0,0,0,10,10,35,70,125.0
2019-01-26,105,1,0,0,0,0,0,0,10,5,40,70,117.0
2019-01-27,120,1,0,0,0,0,0,0,10,5,35,65,105.0
2019-01-28,106,0,0,0,0,0,1,0,10,5,40,60,120.0
2019-01-29,98,0,0,0,0,0,1,0,10,5,40,65,106.0
2019-01-30,86,0,0,0,0,0,1,0,10,5,40,55,98.0
2019-01-31,127,0,0,0,0,0,1,0,10,5,40,80,86.0
2019-02-01,106,0,0,0,0,0,0,0,10,20,40,80,127.0
2019-02-02,95,1,0,0,0,0,0,0,10,5,35,85,106.0
2019-02-03,108,1,0,0,0,0,0,0,10,25,30,75,95.0
2019-02-04,117,0,0,0,0,0,0,0,10,5,30,70,108.0
2019-02-05,126,0,0,0,0,0,1,0,10,5,30,65,117.0
2019-02-06,148,0,0,0,0,0,1,0,10,5,30,70,126.0
2019-02-07,131,0,0,0,0,0,1,0,10,5,35,65,148.0
2019-02-08,134,0,0,0,0,0,1,0,10,5,35,65,131.0
2019-02-09,159,1,0,0,0,0,1,0,10,5,40,55,134.0
2019-02-10,130,1,0,0,0,0,1,0,10,5,30,85,159.0
2019-02-11,139,0,0,0,0,0,0,0,10,5,35,80,130.0
2019-02-12,117,0,0,0,0,0,0,0,10,15,25,75,139.0
2019-02-13,142,0,0,0,0,0,0,0,10,5,30,70,117.0
2019-02-14,128,0,0,0,0,0,0,0,10,5,35,65,142.0
2019-02-15,99,0,0,0,0,0,0,0,10,5,25,85,128.0
2019-02-16,128,1,0,0,0,0,0,0,10,5,30,80,99.0
2019-02-17,105,1,0,0,0,0,0,0,10,5,30,70,128.0
2019-02-18,138,0,0,0,0,0,0,0,10,5,35,75,105.0
2019-02-19,118,0,0,0,0,0,0,0,10,5,35,70,138.0
2019-02-20,122,0,0,0,0,0,0,0,10,5,35,70,118.0
2019-02-21,131,0,0,0,0,0,0,0,10,5,35,70,122.0
2019-02-22,107,0,0,0,0,0,0,0,10,5,35,65,131.0
2019-02-23,150,1,0,0,0,0,0,0,10,5,40,60,107.0
2019-02-24,145,1,0,0,0,0,0,0,10,5,35,85,150.0
2019-02-25,149,0,0,0,0,0,0,0,10,35,25,95,145.0
2019-02-26,138,0,0,0,0,0,0,0,10,10,25,75,149.0
2019-02-27,163,0,0,1,0,0,0,0,10,5,25,70,138.0
2019-02-28,141,0,0,1,0,0,1,0,10,5,30,70,163.0
2019-03-01,130,0,0,1,0,0,0,1,10,5,35,70,141.0
2019-03-02,107,1,0,1,0,0,0,1,10,5,35,55,130.0
2019-03-07,85,0,0,0,1,0,1,1,10,5,35,70,63.0
2019-03-08,77,0,0,0,0,0,1,1,10,5,30,85,85.0
2019-03-10,112,1,0,0,0,0,1,1,10,10,25,75,62.0
2019-03-11,134,0,0,0,0,0,0,1,10,5,30,75,112.0
2019-03-12,136,0,0,0,0,0,0,1,10,5,30,75,134.0
2019-03-13,143,0,0,0,0,0,0,1,10,5,30,80,136.0
2019-03-14,120,0,0,0,0,0,0,1,10,5,30,75,143.0
2019-03-15,139,0,0,0,0,0,0,1,10,5,30,80,120.0
2019-03-16,148,1,0,0,0,0,0,1,10,5,35,75,139.0
2019-03-17,127,1,0,0,0,0,0,1,10,5,30,90,148.0
2019-03-18,118,0,0,0,0,0,0,1,10,10,30,90,127.0
2019-03-19,127,0,0,0,0,0,0,1,10,5,30,75,118.0
2019-03-20,133,0,0,0,0,0,0,1,10,5,25,80,127.0
2019-03-21,126,0,0,0,0,0,0,1,10,5,25,70,133.0
2019-03-22,113,0,0,0,0,0,0,1,10,5,30,75,126.0
2019-03-23,136,1,0,0,0,0,0,1,10,5,30,75,113.0
2019-03-24,153,1,0,0,0,0,0,1,10,5,30,65,136.0
2019-03-25,127,0,0,0,0,0,0,1,10,5,25,65,153.0
2019-03-26,129,0,0,0,0,0,0,1,10,5,30,80,127.0
2019-03-27,118,0,0,0,0,0,0,1,10,5,25,85,129.0
2019-03-28,120,0,0,0,0,0,1,1,10,5,30,75,118.0
2019-03-29,114,0,0,0,0,0,1,1,10,5,30,75,120.0
2019-03-30,137,1,0,0,0,0,1,1,10,5,35,70,114.0
2019-03-31,122,1,0,0,0,0,1,1,10,5,30,80,137.0
2019-04-01,131,0,0,0,0,0,0,1,10,5,35,80,122.0
2019-04-02,127,0,0,0,0,0,0,1,10,5,35,70,131.0
2019-04-03,138,0,0,0,0,0,0,1,10,5,35,75,127.0
2019-04-04,120,0,0,0,0,0,0,1,10,5,35,80,138.0
2019-04-05,108,0,0,0,0,0,1,1,10,55,30,90,120.0
2019-04-06,128,1,0,0,0,0,1,1,10,5,25,95,108.0
2019-04-07,100,1,0,0,0,0,1,1,10,10,25,85,128.0
2019-04-08,110,0,0,0,0,0,1,1,10,5,30,75,100.0
2019-04-09,127,0,0,0,0,0,1,1,10,5,30,75,110.0
2019-04-10,118,0,0,0,0,0,1,1,10,5,30,70,127.0
2019-04-11,107,0,0,0,0,0,0,1,10,5,35,80,118.0
2019-04-12,121,0,0,0,0,0,0,1,10,25,25,85,107.0
2019-04-13,138,1,0,0,0,0,0,1,10,5,30,85,121.0
2019-04-14,105,1,0,0,0,0,0,1,10,5,35,70,138.0
2019-04-15,128,0,0,0,0,0,0,1,10,5,30,90,105.0
2019-04-16,121,0,0,0,0,0,0,1,10,55,25,95,128.0
2019-04-17,134,0,0,0,0,0,0,1,10,15,25,85,121.0
2019-04-18,116,0,0,0,0,0,0,1,10,5,30,85,134.0
2019-04-20,129,1,0,0,0,0,0,1,10,5,30,85,116.0
2019-04-21,143,1,0,0,0,1,0,1,10,5,25,85,129.0
2019-04-22,128,0,0,0,0,0,0,1,10,5,25,80,143.0
2019-04-23,118,0,0,0,0,0,0,1,10,5,25,80,128.0
2019-04-24,137,0,0,0,0,0,0,1,10,5,30,85,118.0
2019-04-25,130,0,0,0,0,0,0,1,10,5,25,95,137.0
2019-04-26,127,0,0,0,0,0,0,1,10,15,30,95,130.0
2019-04-27,130,1,0,0,0,0,0,1,10,75,25,95,127.0
2019-04-28,148,1,0,0,0,0,1,1,10,5,25,85,130.0
2019-04-29,127,0,0,0,0,0,1,1,10,5,25,85,148.0
2019-04-30,117,0,0,0,0,0,1,1,10,5,25,85,127.0
2019-05-01,90,0,0,0,0,1,0,1,10,5,30,75,117.0
2019-05-02,113,0,0,0,0,0,0,1,10,5,30,80,90.0
2019-05-03,120,0,0,0,0,0,0,1,10,5,30,90,113.0
2019-05-04,101,1,0,0,0,0,0,1,10,45,30,90,120.0
2019-05-05,132,1,0,0,0,0,1,1,10,5,30,90,101.0
2019-05-06,128,0,0,0,0,0,1,1,10,15,25,90,132.0
2019-05-07,154,0,0,0,0,0,1,1,10,5,25,80,128.0
2019-05-08,179,0,0,1,0,0,1,1,10,5,25,85,154.0
2019-05-09,189,0,0,1,0,0,1,1,10,5,30,85,179.0
2019-05-11,160,1,0,1,0,0,0,1,10,20,25,90,204.0
2019-05-12,174,1,1,0,0,0,0,1,10,5,25,85,160.0
2019-05-13,113,0,0,0,1,0,0,1,10,5,25,90,174.0
2019-05-14,100,0,0,0,1,0,0,1,10,5,20,95,113.0
2019-05-15,125,0,0,0,0,0,0,1,10,5,25,95,100.0
2019-05-16,116,0,0,0,0,0,0,1,10,5,25,80,125.0
2019-05-17,110,0,0,0,0,0,0,1,10,5,25,75,116.0
2019-05-18,103,1,0,0,0,0,0,1,10,5,30,85,110.0
2019-05-19,120,1,0,0,0,0,0,1,10,5,30,80,103.0
2019-05-20,111,0,0,0,0,0,0,1,10,5,30,90,120.0
2019-05-21,128,0,0,0,0,0,0,1,10,10,25,90,111.0
2019-05-22,106,0,0,0,0,0,0,1,10,5,25,95,128.0
2019-05-23,139,0,0,0,0,0,0,1,10,10,20,90,106.0
2019-05-24,114,0,0,0,0,0,0,1,10,35,20,90,139.0
2019-05-25,128,1,0,0,0,0,0,1,10,10,25,85,114.0
2019-05-26,139,1,0,0,0,0,0,1,10,5,25,80,128.0
2019-05-27,154,0,0,0,0,0,0,1,10,5,25,95,139.0
2019-05-28,123,0,0,0,0,0,1,1,10,70,20,95,154.0
2019-05-29,119,0,0,0,0,0,1,1,10,5,25,85,123.0
2019-05-30,101,0,0,0,0,0,1,1,10,5,20,95,119.0
2019-05-31,128,0,0,0,0,0,1,1,10,25,20,95,101.0
2019-06-01,138,1,0,0,0,0,0,1,10,5,20,90,128.0
2019-06-02,129,1,0,0,0,0,0,1,10,5,25,90,138.0
2019-06-03,120,0,0,0,0,0,0,1,10,5,25,85,129.0
2019-06-04,137,0,0,0,0,0,0,1,10,5,25,90,120.0
2019-06-05,118,0,0,0,0,0,1,1,10,5,25,80,137.0
2019-06-06,120,0,0,0,0,0,1,1,10,5,25,85,118.0
2019-06-07,136,0,0,0,0,0,1,1,10,5,30,75,120.0
2019-06-08,113,1,0,0,0,0,1,1,10,5,20,90,136.0
2019-06-09,106,1,0,0,0,0,1,1,10,5,25,85,113.0
2019-06-10,111,0,0,0,0,0,1,1,10,5,30,85,106.0
2019-06-11,99,0,0,0,0,0,0,1,10,5,30,85,111.0
2019-06-12,108,0,0,0,0,0,0,1,10,5,30,80,99.0
2019-06-13,121,0,0,0,0,0,0,1,10,5,30,80,108.0
2019-06-14,89,0,0,0,0,0,0,1,10,5,30,80,121.0
2019-06-15,110,1,0,0,0,0,0,1,10,5,30,85,89.0
2019-06-16,127,1,0,0,0,0,0,1,10,5,30,90,110.0
2019-06-17,129,0,0,0,0,0,0,1,10,5,30,90,127.0
2019-06-18,116,0,0,0,0,0,0,1,10,5,30,75,129.0
2019-06-19,121,0,0,0,0,0,0,1,10,10,25,70,116.0
2019-06-20,113,0,0,0,0,1,0,1,10,5,20,80,121.0
2019-06-21,128,0,0,0,0,1,0,1,10,5,25,80,113.0
2019-06-22,130,1,0,0,0,0,0,1,10,5,30,85,128.0
2019-06-23,145,1,0,0,0,0,0,1,10,5,30,80,130.0
2019-06-24,139,0,0,0,0,0,0,1,10,5,30,75,145.0
2019-06-25,120,0,0,0,0,0,0,1,10,5,30,75,139.0
2019-06-26,119,0,0,0,0,0,0,1,10,20,15,75,120.0
2019-06-27,115,0,0,0,0,0,0,1,10,5,25,85,119.0
2019-06-28,128,0,0,0,0,0,1,1,10,5,25,95,115.0
2019-06-29,130,1,0,0,0,0,1,1,10,5,30,70,128.0
2019-06-30,148,1,0,0,0,0,1,1,10,10,30,95,130.0
2019-07-01,128,0,0,0,0,0,0,1,11,30,20,85,148.0
2019-07-02,119,0,0,0,0,0,0,1,11,5,20,85,128.0
2019-07-03,113,0,0,0,0,0,0,1,11,5,15,65,119.0
2019-07-04,135,0,0,0,0,0,0,1,11,5,15,65,113.0
2019-07-05,129,0,0,0,0,0,1,1,11,5,15,60,135.0
2019-07-06,130,1,0,0,0,0,1,1,11,5,15,75,129.0
2019-07-07,141,1,0,0,0,0,1,1,11,5,15,80,130.0
2019-07-08,129,0,0,0,0,0,1,1,11,5,20,80,141.0
2019-07-09,119,0,0,0,0,0,1,1,11,5,20,85,129.0
2019-07-10,116,0,0,0,0,0,1,1,11,5,25,80,119.0
2019-07-11,131,0,0,0,0,0,0,1,11,5,30,75,116.0
2019-07-12,120,0,0,0,0,0,0,1,11,5,30,80,131.0
2019-07-13,101,1,0,0,0,0,0,1,11,5,20,95,120.0
2019-07-14,128,1,0,0,0,0,0,1,11,20,15,95,101.0
2019-07-15,111,0,0,0,0,0,0,1,11,5,15,85,128.0
2019-07-16,113,0,0,0,0,0,0,1,11,5,20,85,111.0
2019-07-17,104,0,0,0,0,0,0,1,11,5,20,90,113.0
2019-07-18,128,0,0,0,0,0,0,1,11,5,25,85,104.0
2019-07-19,118,0,0,0,0,0,0,1,11,5,25,90,128.0
2019-07-20,129,1,0,0,0,0,0,1,11,5,30,80,118.0
2019-07-21,108,1,0,0,0,0,0,1,11,5,30,75,129.0
2019-07-22,118,0,0,0,0,0,0,1,11,5,30,80,108.0
2019-07-23,99,0,0,0,0,0,0,1,11,5,20,95,118.0
2019-07-24,77,0,0,0,0,0,0,1,11,80,20,100,99.0
2019-07-25,105,0,0,0,0,0,0,1,11,20,20,90,77.0
2019-07-26,111,0,0,0,0,0,0,1,11,5,20,90,105.0
2019-07-27,110,1,0,0,0,0,0,1,11,5,15,90,111.0
2019-07-28,128,1,0,0,0,0,1,1,11,5,20,85,110.0
2019-07-29,148,0,0,0,0,0,1,1,11,5,25,85,128.0
2019-07-30,104,0,0,0,0,0,1,1,11,10,25,90,148.0
2019-07-31,121,0,0,0,0,0,1,1,11,5,25,80,104.0
2019-08-01,118,0,0,0,0,0,0,1,11,5,30,80,121.0
2019-08-02,107,0,0,0,0,0,0,1,11,20,20,75,118.0
2019-08-03,129,1,0,0,0,0,0,1,11,5,15,70,107.0
2019-08-04,149,1,0,0,0,0,0,1,11,5,20,80,129.0
2019-08-05,131,0,0,0,0,0,1,1,11,5,25,80,149.0
2019-08-06,125,0,0,0,0,0,1,1,11,5,30,75,131.0
2019-08-07,159,0,0,1,0,0,1,1,11,5,30,75,125.0
2019-08-08,116,0,0,1,0,0,1,1,11,5,30,90,159.0
2019-08-09,138,0,0,1,0,0,1,1,11,10,25,95,116.0
2019-08-10,143,1,0,1,0,0,1,1,11,10,20,80,138.0
2019-08-11,159,1,1,0,0,0,0,1,11,5,20,80,143.0
2019-08-12,119,0,0,0,1,0,0,1,11,5,20,95,159.0
2019-08-13,78,0,0,0,1,0,0,1,11,15,15,65,119.0
2019-08-14,149,0,0,0,0,0,0,1,11,5,15,85,78.0
2019-08-15,139,0,0,0,0,0,0,1,11,5,25,80,149.0
2019-08-16,124,0,0,0,0,0,0,1,11,5,30,75,139.0
2019-08-17,81,1,0,0,0,0,0,1,11,5,30,55,124.0
2019-08-18,105,1,0,0,0,0,0,1,11,5,30,75,81.0
2019-08-19,87,0,0,0,0,0,0,1,11,5,15,80,105.0
2019-08-20,85,0,0,0,0,0,0,1,11,5,20,80,87.0
2019-08-21,114,0,0,0,0,0,0,1,11,5,20,85,85.0
2019-08-22,101,0,0,0,0,0,0,1,11,5,20,75,114.0
2019-08-23,155,0,0,0,0,0,0,1,11,5,20,85,101.0
2019-08-24,108,1,0,0,0,0,0,1,11,5,25,75,155.0
2019-08-25,131,1,0,0,0,0,0,1,11,5,25,70,108.0
2019-08-26,123,0,0,0,0,0,0,1,11,5,25,70,131.0
2019-08-27,134,0,0,0,0,0,0,1,11,5,30,80,123.0
2019-08-28,105,0,0,0,0,0,1,1,11,5,30,80,134.0
2019-08-29,116,0,0,0,0,0,1,1,11,5,35,65,105.0
2019-08-30,120,0,0,0,0,0,1,1,11,5,30,75,116.0
2019-08-31,118,1,0,0,0,0,1,1,11,30,20,90,120.0
2019-09-01,120,1,0,0,0,0,0,1,11,5,25,75,118.0
2019-09-02,110,0,0,0,0,0,0,1,11,5,25,70,120.0
2019-09-03,116,0,0,0,0,0,0,1,11,5,20,70,110.0
2019-09-04,130,0,0,0,0,0,0,1,11,5,20,60,116.0
2019-09-05,128,0,0,0,0,0,1,1,11,5,20,70,130.0
2019-09-06,120,0,0,0,0,0,1,1,11,5,20,90,128.0
2019-09-07,81,1,0,0,0,1,1,1,11,10,25,95,120.0
2019-09-08,119,1,0,0,0,0,1,1,11,10,30,90,81.0
2019-09-09,135,0,0,0,0,0,1,1,11,5,40,65,119.0
2019-09-10,129,0,0,0,0,0,1,1,11,5,30,85,135.0
2019-09-11,119,0,0,0,0,0,0,1,11,5,20,95,129.0
2019-09-12,101,0,0,0,0,0,0,1,11,30,20,95,119.0
2019-09-13,76,0,0,0,0,0,0,1,11,5,20,75,101.0
2019-09-14,128,1,0,0,0,0,0,1,11,5,25,85,76.0
2019-09-15,129,1,0,0,0,0,0,1,11,5,35,70,128.0
2019-09-16,118,0,0,0,0,0,0,1,11,5,30,85,129.0
2019-09-17,104,0,0,0,0,0,0,1,11,10,20,95,118.0
2019-09-18,149,0,0,0,0,0,0,1,11,35,20,90,104.0
2019-09-19,149,0,0,0,0,0,0,1,11,5,30,80,149.0
2019-09-20,81,0,0,0,0,0,0,1,11,5,25,75,149.0
2019-09-21,155,1,0,0,0,0,0,1,11,5,25,75,81.0
2019-09-22,105,1,0,0,0,0,0,1,11,5,20,70,155.0
2019-09-23,137,0,0,0,0,0,0,1,11,5,25,75,105.0
2019-09-24,127,0,0,0,0,0,0,1,11,5,25,70,137.0
2019-09-25,129,0,0,0,0,0,0,1,11,5,25,80,127.0
2019-09-26,120,0,0,0,0,0,0,1,11,5,30,65,129.0
2019-09-27,108,0,0,0,0,0,0,1,11,5,25,75,120.0
2019-09-28,119,1,0,0,0,0,1,1,11,5,25,70,108.0
2019-09-29,120,1,0,0,0,0,1,1,11,5,30,80,119.0
2019-09-30,110,0,0,0,0,0,1,1,11,5,35,65,120.0
2019-10-01,108,0,0,0,0,0,0,1,11,5,40,55,110.0
2019-10-02,125,0,0,0,0,0,0,1,11,5,30,90,108.0
2019-10-03,90,0,0,0,0,0,0,1,11,15,25,95,125.0
2019-10-04,114,0,0,0,0,0,0,1,11,25,25,100,90.0
2019-10-05,100,1,0,0,0,0,1,1,11,65,25,95,114.0
2019-10-06,106,1,0,0,0,0,1,1,11,10,20,90,100.0
2019-10-07,112,0,0,0,0,0,1,1,11,5,30,75,106.0
2019-10-08,131,0,0,0,0,0,1,1,11,5,30,75,112.0
2019-10-09,110,0,0,0,0,0,1,1,11,5,30,70,131.0
2019-10-10,107,0,0,0,0,0,1,1,11,5,35,70,110.0
2019-10-11,108,0,0,0,0,0,0,1,11,5,40,55,107.0
2019-10-12,94,1,0,0,0,1,0,1,11,5,40,55,108.0
2019-10-13,97,1,0,0,0,0,0,1,11,5,30,80,94.0
2019-10-14,103,0,0,0,0,0,0,1,11,5,25,95,97.0
2019-10-15,110,0,0,0,0,0,0,1,11,30,20,90,103.0
2019-10-16,129,0,0,0,0,0,0,1,11,5,25,90,110.0
2019-10-17,143,0,0,0,0,0,0,1,11,25,25,95,129.0
2019-10-18,81,0,0,0,0,0,0,1,11,20,30,80,143.0
2019-10-19,134,1,0,0,0,0,0,1,11,5,25,75,81.0
2019-10-20,120,1,0,0,0,0,0,1,11,5,25,70,134.0
2019-10-21,110,0,0,0,0,0,0,1,11,5,20,90,120.0
2019-10-22,106,0,0,0,0,0,0,1,11,15,25,80,110.0
2019-10-23,100,0,0,0,0,0,0,1,11,5,30,80,106.0
2019-10-24,128,0,0,0,0,0,0,1,11,5,30,65,100.0
2019-10-25,114,0,0,0,0,0,0,1,11,5,30,70,128.0
2019-10-26,135,1,0,0,0,0,0,1,11,5,35,70,114.0
2019-10-27,149,1,0,0,0,0,0,1,11,5,25,95,135.0
2019-10-28,149,0,0,0,0,0,1,1,11,20,30,75,149.0
2019-10-29,128,0,0,0,0,0,1,1,11,5,30,90,149.0
2019-10-30,146,0,0,0,0,0,1,1,11,15,25,95,128.0
2019-10-31,99,0,0,0,0,0,1,1,11,50,25,95,146.0
2019-11-01,128,0,0,0,0,0,0,1,11,5,25,85,99.0
2019-11-03,98,1,0,0,0,0,0,1,11,5,25,75,128.0
2019-11-04,130,0,0,0,0,0,0,1,11,5,25,95,98.0
2019-11-05,138,0,0,0,0,0,1,1,11,40,25,85,130.0
2019-11-06,141,0,0,0,0,0,1,1,11,5,30,65,138.0
2019-11-07,128,0,0,0,0,0,1,1,11,10,30,90,141.0
2019-11-08,154,0,0,0,0,0,1,1,11,5,30,80,128.0
2019-11-09,138,1,0,0,0,0,1,1,11,5,30,80,154.0
2019-11-10,164,1,0,0,0,0,1,1,11,5,25,90,138.0
2019-11-11,143,0,0,0,0,0,0,1,11,5,25,80,164.0
2019-11-12,138,0,0,0,0,0,0,1,11,5,30,75,143.0
2019-11-13,132,0,0,0,0,0,0,1,11,5,35,70,138.0
2019-11-14,120,0,0,0,0,0,0,1,11,15,30,85,132.0
2019-11-16,118,1,0,0,0,0,0,1,11,5,30,70,64.0
2019-11-17,128,1,0,0,0,0,0,1,11,5,30,60,118.0
2019-11-18,135,0,0,0,0,0,0,1,11,5,35,60,128.0
2019-11-19,126,0,0,0,0,0,0,1,11,5,35,70,135.0
2019-11-20,138,0,0,0,0,0,0,1,11,5,35,70,126.0
2019-11-21,120,0,0,0,0,0,0,1,11,5,35,65,138.0
2019-11-22,111,0,0,0,0,0,0,1,11,5,35,80,120.0
2019-11-23,138,1,0,0,0,0,0,1,11,15,25,70,111.0
2019-11-24,129,1,0,0,0,0,0,1,11,5,25,65,138.0
2019-11-25,141,0,0,0,0,0,0,1,11,5,30,70,129.0
2019-11-26,137,0,0,0,0,0,0,1,11,5,30,80,141.0
2019-11-27,129,0,0,0,0,0,0,1,11,5,25,85,137.0
2019-11-28,114,0,0,0,0,0,1,1,11,5,30,55,129.0
2019-11-29,132,0,0,0,0,0,1,1,11,5,35,60,114.0
2019-11-30,153,1,0,0,0,0,1,1,11,5,35,65,132.0
2019-12-01,142,1,0,0,0,0,0,1,11,5,30,65,153.0
2019-12-02,128,0,0,0,0,0,0,1,11,5,30,60,142.0
2019-12-03,108,0,0,0,0,0,0,1,11,5,30,55,128.0
2019-12-04,113,0,0,0,0,0,0,1,11,5,35,75,108.0
2019-12-05,131,0,0,0,0,0,1,1,11,10,30,70,113.0
2019-12-06,125,0,0,0,0,0,1,1,11,5,30,55,131.0
2019-12-07,119,1,0,0,0,0,1,1,11,5,30,65,125.0
2019-12-08,109,1,0,0,0,0,1,1,11,5,35,65,119.0
2019-12-09,128,0,0,0,0,0,1,1,11,5,35,60,109.0
2019-12-10,138,0,0,0,0,0,1,1,11,5,35,55,128.0
2019-12-11,119,0,0,0,0,0,0,1,11,5,35,60,138.0
2019-12-12,128,0,0,0,0,0,0,1,11,5,35,60,119.0
2019-12-13,136,0,0,0,0,0,0,1,11,5,30,60,128.0
2019-12-14,156,1,0,0,0,0,0,1,11,5,35,70,136.0
2019-12-15,148,1,0,0,0,0,0,1,11,5,35,70,156.0
2019-12-16,137,0,0,0,0,0,0,1,11,10,30,75,148.0
2019-12-17,128,0,0,0,0,0,0,1,11,5,30,70,137.0
2019-12-18,164,0,0,0,0,0,0,1,11,5,30,65,128.0
2019-12-19,138,0,0,0,0,0,0,1,11,5,35,65,164.0
2019-12-20,143,0,0,0,0,0,0,1,12,5,40,65,138.0
2019-12-21,160,1,0,1,0,0,0,1,12,5,30,70,143.0
2019-12-22,181,1,0,1,0,0,0,1,12,5,30,55,160.0
2019-12-23,196,0,0,1,0,0,0,1,12,5,30,55,181.0
2019-12-24,160,0,0,1,0,0,0,1,12,5,35,55,196.0
2019-12-26,148,0,0,1,1,0,0,1,12,5,35,65,160.0
2019-12-27,155,0,0,1,1,0,0,1,12,5,40,65,148.0
2019-12-28,106,1,0,1,0,0,1,1,12,5,40,60,155.0
2020-01-03,73,0,0,0,1,0,0,0,12,5,30,75,59.0
2020-01-05,74,1,0,0,0,0,1,0,12,5,35,65,65.0
2020-01-06,83,0,0,0,0,0,1,0,12,5,40,65,74.0
2020-01-07,99,0,0,0,0,0,1,0,12,5,35,70,83.0
2020-01-08,106,0,0,0,0,0,1,0,12,5,35,65,99.0
2020-01-09,104,0,0,0,0,0,1,0,12,5,40,65,106.0
2020-01-10,79,0,0,0,0,0,1,0,12,5,40,80,104.0
2020-01-11,89,1,0,0,0,0,0,0,12,20,35,80,79.0
2020-01-12,95,1,0,0,0,0,0,0,12,5,35,60,89.0
2020-01-13,106,0,0,0,0,0,0,0,12,5,35,70,95.0
2020-01-14,129,0,0,0,0,0,0,0,12,5,35,70,106.0
2020-01-15,106,0,0,0,0,0,0,0,12,5,35,75,129.0
2020-01-16,94,0,0,0,0,0,0,0,12,20,25,65,106.0
2020-01-17,121,0,0,0,0,0,0,0,12,5,30,65,94.0
2020-01-18,107,1,0,0,0,0,0,0,12,5,35,70,121.0
2020-01-19,109,1,0,0,0,0,0,0,12,5,35,70,107.0
2020-01-20,118,0,0,0,0,0,0,0,12,5,40,70,109.0
2020-01-21,91,0,0,0,0,0,0,0,12,5,35,85,118.0
2020-01-22,129,0,0,0,0,0,0,0,12,10,30,75,91.0
2020-01-23,116,0,0,0,0,0,0,0,12,5,30,75,129.0
2020-01-24,125,0,0,0,0,0,0,0,12,5,30,70,116.0
2020-01-25,136,1,0,0,0,0,0,0,12,5,35,60,125.0
2020-01-26,120,1,0,0,0,0,0,0,12,5,35,65,136.0
2020-01-27,101,0,0,0,0,0,0,0,12,5,35,85,120.0
2020-01-28,115,0,0,0,0,0,1,0,12,15,35,75,101.0
2020-01-29,126,0,0,0,0,0,1,0,12,5,30,85,115.0
2020-01-30,110,0,0,0,0,0,1,0,12,5,30,80,126.0
2020-01-31,117,0,0,0,0,0,1,0,12,10,30,85,110.0
2020-02-01,121,1,0,0,0,0,0,0,12,5,30,75,117.0
2020-02-02,139,1,0,0,0,0,0,0,12,5,35,75,121.0
2020-02-03,128,0,0,0,0,0,0,0,12,5,35,75,139.0
2020-02-04,118,0,0,0,0,0,0,0,12,5,35,75,128.0
2020-02-05,81,0,0,0,0,0,1,0,12,5,35,70,118.0
2020-02-06,120,0,0,0,0,0,1,0,12,5,40,70,81.0
2020-02-07,106,0,0,0,0,0,1,0,12,5,35,70,120.0
2020-02-08,143,1,0,0,0,0,1,0,12,5,40,75,106.0
2020-02-09,78,1,0,0,0,0,1,0,12,30,30,75,143.0
2020-02-10,105,0,0,0,0,0,1,0,12,5,30,75,78.0
2020-02-11,118,0,0,0,0,0,0,0,12,5,30,70,105.0
2020-02-12,137,0,0,0,0,0,0,0,12,5,30,75,118.0
2020-02-13,120,0,0,0,0,0,0,0,12,5,35,65,137.0
2020-02-14,126,0,0,0,0,0,0,0,12,5,35,65,120.0
2020-02-15,110,1,0,0,0,0,0,0,12,5,35,65,126.0
2020-02-16,106,1,0,0,0,0,0,0,12,5,40,65,110.0
2020-02-17,100,0,0,0,0,0,0,0,12,5,40,65,106.0
2020-02-18,87,0,0,0,0,0,0,0,12,5,35,80,100.0
2020-02-19,120,0,0,0,0,0,0,0,12,10,35,70,87.0
2020-02-20,110,0,0,1,0,0,0,0,12,5,30,70,120.0
2020-02-21,96,0,0,1,0,0,0,0,12,5,30,65,110.0
2020-02-22,79,1,0,1,0,0,0,0,12,5,25,65,96.0
2020-02-23,89,1,0,1,0,0,0,0,12,5,30,70,79.0
2020-02-26,86,0,0,0,1,0,0,0,12,45,30,70,89.0
2020-02-27,99,0,0,0,1,0,0,0,12,5,30,65,86.0
2020-02-28,105,0,0,0,0,0,1,0,13,5,35,65,99.0
2020-02-29,117,1,0,0,0,0,1,0,13,5,35,70,105.0
2020-03-01,87,1,0,0,0,0,0,1,13,5,35,70,117.0
2020-03-02,99,0,0,0,0,0,0,1,13,5,30,70,87.0
2020-03-04,98,0,0,0,0,0,0,1,13,5,30,70,70.0
2020-03-05,121,0,0,0,0,0,1,1,13,5,30,70,98.0
2020-03-06,108,0,0,0,0,0,1,1,13,5,30,70,121.0
